{"authorId":11,"tool":"A2J","toolversion":"2012-04-19","avatar":"avatar1","avatarSkinTone":"medium","avatarHairColor":"brownMedium","guideGender":"female","completionTime":"","copyrights":"","createdate":"","credits":"","description":"This was created as part of the 2019 Tubman Hackathon at Suffolk University's LITCon. It was developed by Jessica Frank (CALI), Kathleen Gordon (American University Washington College of Law), and Tobias Nteireho (CALI). ","emailContact":"webmaster@a2jauthor.org","jurisdiction":"Jurisdiction of my interview","language":"en","modifydate":"","notes":"<P>4/6/2019 interview created.</P>","sendfeedback":true,"subjectarea":"Jurisdiction of my interview","title":"Hackathon 2019 Re-Entry Navigator A2J Guided Interview","version":"04/07/2019 4pm ET","viewer":"A2J","endImage":"","logoImage":"","authors":[{"name":"Jessica Frank","title":"A2J Author Project Manager","organization":"CALI","email":"jessica@cali.org"}],"firstPage":"1-Introduction","exitPage":"8-Save and Exit","steps":[{"number":"0","text":"Introduction"},{"number":"1","text":"Basic Information"},{"number":"2","text":"Conditions of Release"},{"number":"3","text":"Returning Users"},{"number":"4","text":"The End"}],"vars":{"user gender":{"name":"User Gender","type":"MC","repeating":false,"comment":"User's gender will be used to display appopriate avatar."},"user avatar":{"name":"User Avatar","type":"Text","repeating":false,"comment":""},"client first name te":{"name":"Client first name TE","type":"Text","repeating":false,"comment":""},"client middle name te":{"name":"Client middle name TE","type":"Text","repeating":false,"comment":""},"client last name te":{"name":"Client last name TE","type":"Text","repeating":false,"comment":""},"a2j version":{"name":"A2J Version","type":"Text","repeating":false,"comment":"A2J Author Version"},"a2j interview id":{"name":"A2J Interview ID","type":"Text","repeating":false,"comment":"Guide ID"},"a2j bookmark":{"name":"A2J Bookmark","type":"Text","repeating":false,"comment":"Current Page"},"a2j history":{"name":"A2J History","type":"Text","repeating":false,"comment":"Progress History List (XML)"},"a2j interview incomplete tf":{"name":"A2J Interview Incomplete TF","type":"TF","repeating":false,"comment":"Reached Successful Exit?"},"a2j step 0":{"name":"A2J Step 0","type":"Text","repeating":false,"comment":""},"a2j step 1":{"name":"A2J Step 1","type":"Text","repeating":false,"comment":""},"a2j step 2":{"name":"A2J Step 2","type":"Text","repeating":false,"comment":""},"a2j step 3":{"name":"A2J Step 3","type":"Text","repeating":false,"comment":""},"a2j step 4":{"name":"A2J Step 4","type":"Text","repeating":false,"comment":""},"a2j step 5":{"name":"A2J Step 5","type":"Text","repeating":false,"comment":""},"a2j step 6":{"name":"A2J Step 6","type":"Text","repeating":false,"comment":""},"a2j step 7":{"name":"A2J Step 7","type":"Text","repeating":false,"comment":""},"a2j step 8":{"name":"A2J Step 8","type":"Text","repeating":false,"comment":""},"a2j step 9":{"name":"A2J Step 9","type":"Text","repeating":false,"comment":""},"a2j step 10":{"name":"A2J Step 10","type":"Text","repeating":false,"comment":""},"a2j step 11":{"name":"A2J Step 11","type":"Text","repeating":false,"comment":""},"a2j step 12":{"name":"A2J Step 12","type":"Text","repeating":false,"comment":""},"employer address full te":{"name":"Employer address full TE","type":"Text","repeating":false,"comment":""},"already released tf":{"name":"Already released TF","type":"TF","repeating":false,"comment":""},"know conditions tf":{"name":"Know conditions TF","type":"TF","repeating":false,"comment":""},"know po tf":{"name":"Know PO TF","type":"TF","repeating":false,"comment":""},"returning user tf":{"name":"Returning user TF","type":"TF","repeating":false,"comment":""},"still in jail tf":{"name":"Still in jail TF","type":"TF","repeating":false,"comment":""},"need po resources tf":{"name":"Need PO resources TF","type":"TF","repeating":false,"comment":""},"need to visit po tf":{"name":"Need to visit PO TF","type":"TF","repeating":false,"comment":""},"need stable housing tf":{"name":"Need stable housing TF","type":"TF","repeating":false,"comment":""},"need employment tf":{"name":"Need employment TF","type":"TF","repeating":false,"comment":""},"need drug testing or meetings tf":{"name":"Need drug testing or meetings TF","type":"TF","repeating":false,"comment":""},"po frequency mc":{"name":"PO frequency MC","type":"MC","repeating":false,"comment":""},"po name te":{"name":"PO name TE","type":"Text","repeating":false,"comment":""},"po location te":{"name":"PO location TE","type":"Text","repeating":false,"comment":""},"have job tf":{"name":"Have job TF","type":"TF","repeating":false,"comment":""},"need job info tf":{"name":"Need job info TF","type":"TF","repeating":false,"comment":""},"missing info returning user tf":{"name":"Missing info returning user TF","type":"TF","repeating":false,"comment":""},"company name te":{"name":"Company name TE","type":"Text","repeating":false,"comment":""},"employment address te":{"name":"Employment address TE","type":"Text","repeating":false,"comment":""},"boss name te":{"name":"Boss name TE","type":"Text","repeating":false,"comment":""},"job start date da":{"name":"Job start date DA","type":"Date","repeating":false,"comment":""},"drug testing frequency mc":{"name":"Drug testing frequency MC","type":"MC","repeating":false,"comment":""},"need testing facility info tf":{"name":"Need testing facility info TF","type":"TF","repeating":false,"comment":""},"have meetings tf":{"name":"Have meetings TF","type":"TF","repeating":false,"comment":""},"need meetings info tf":{"name":"Need meetings info TF","type":"TF","repeating":false,"comment":""},"drug and testing specifics mc":{"name":"Drug and testing specifics MC","type":"MC","repeating":false,"comment":""},"email te":{"name":"Email TE","type":"Text","repeating":false,"comment":""},"phone te":{"name":"Phone TE","type":"Text","repeating":false,"comment":""},"opt in phone tf":{"name":"Opt in phone TF","type":"TF","repeating":false,"comment":""},"opt in email tf":{"name":"Opt in email TF","type":"TF","repeating":false,"comment":""},"date next visit da":{"name":"Date next visit DA","type":"Date","repeating":false,"comment":""},"opt in phone and email tf":{"name":"Opt in phone and email TF","type":"TF","repeating":false,"comment":""},"opt out tf":{"name":"Opt out TF","type":"TF","repeating":false,"comment":""},"user name full te":{"name":"User name full TE","type":"Text","repeating":false,"comment":""},"today da":{"name":"Today DA","type":"Date","repeating":false,"comment":""},"need housing info tf":{"name":"Need housing info TF","type":"Text","repeating":false,"comment":""},"finished basic info tf":{"name":"Finished basic info TF","type":"TF","repeating":false,"comment":""},"finished conditions tf":{"name":"Finished conditions TF","type":"TF","repeating":false,"comment":""},"finished po tf":{"name":"Finished PO TF","type":"TF","repeating":false,"comment":""},"finished housing tf":{"name":"Finished Housing TF","type":"TF","repeating":false,"comment":""},"finished employment tf":{"name":"Finished employment TF","type":"TF","repeating":false,"comment":""},"finished drug testing tf":{"name":"Finished drug testing TF","type":"TF","repeating":false,"comment":""},"finished meetings tf":{"name":"Finished meetings TF","type":"TF","repeating":false,"comment":""},"list has parole te":{"name":"List has parole TE","type":"Text","repeating":false,"comment":""},"list has housing te":{"name":"List has housing TE","type":"Text","repeating":false,"comment":""},"list has employment te":{"name":"List has employment TE","type":"Text","repeating":false,"comment":""},"list has testing or meeting te":{"name":"List has testing or meeting TE","type":"Text","repeating":false,"comment":""},"changes needed tf":{"name":"Changes needed TF","type":"TF","repeating":false,"comment":""},"opt in choice mc":{"name":"Opt in choice MC","type":"MC","repeating":false,"comment":""},"pap needed tf":{"name":"PAP needed TF","type":"TF","repeating":false,"comment":""},"no conditions yet te":{"name":"No conditions yet TE","type":"Text","repeating":false,"comment":""}},"pages":{"1-Introduction":{"name":"1-Introduction","type":"A2J","step":0,"repeatVar":"","nested":false,"outerLoopVar":"","text":"<P>Welcome to the Re-Entry Navigator A2J Guided Interview.&nbsp;</P><P>This interview will help you comply with the conditions of your release and assist you as you re-enter civilian life.&nbsp;</P>","textCitation":"<P><BR/></P>","textAudioURL":"","learn":"","help":"<P><BR/></P>","helpCitation":"<P><BR/></P>","helpAudioURL":"","helpReader":"<P><BR/></P>","helpImageURL":"","helpVideoURL":"","buttons":[{"label":"Continue","next":"2-Introduction 2","url":"","repeatVar":"","repeatVarSet":"","name":"","value":""}],"fields":[],"codeBefore":"","codeAfter":"IF [Returning user TF] = TRUE<BR/>GOTO \"1-Returning landing page\"<BR/>END IF<BR/><BR/><BR/>IF [Missing info returning user TF] = true<BR/>GOTO \"3-Know PO\"<BR/>END IF<BR/><BR/><BR/>SET [Today DA] TO TODAY","codeCitation":"<P><BR/></P>","notes":"<P><BR/></P>"},"2-Introduction 2":{"name":"2-Introduction 2","type":"A2J","step":0,"repeatVar":"","nested":false,"outerLoopVar":"","text":"This A2J Guided Interview was created as part of the 2019 Tubman Hackathon at LITCon. <DIV><BR/></DIV><DIV>It should take you approximately 20 minutes to complete it. </DIV><DIV><BR/></DIV><DIV>If you don't have the information you need or you need to stop and come back later, click \"Save and Exit\" in the top navigation bar. You will be prompted to create an account and save your answers. </DIV>","textCitation":"","textAudioURL":"","learn":"","help":"","helpCitation":"","helpAudioURL":"","helpReader":"","helpImageURL":"","helpVideoURL":"","buttons":[{"label":"Continue","next":"3-Introduction 3","url":"","repeatVar":"","repeatVarSet":"","name":"","value":""}],"fields":[],"codeBefore":"","codeAfter":"SET [Need to visit PO TF] TO FALSE<BR/>SET [Need stable housing TF] TO FALSE<BR/>SET [Need employment TF] TO FALSE<BR/>SET [Need drug testing or meetings TF] TO FALSE","codeCitation":"","notes":""},"3-Introduction 3":{"name":"3-Introduction 3","type":"A2J","step":0,"repeatVar":"","nested":false,"outerLoopVar":"","text":"When you complete this interview,  you will get a Personalized Action Plan that will give you additional resources needed to satisfy your release conditions, provide you with next steps and reminders, and generate the documents you will need to show to your parole officer later. <DIV><BR/></DIV><DIV>To get started, click the <I>Get Started</I> button.  To leave, click the <I>Exit </I>button</DIV>","textCitation":"","textAudioURL":"","learn":"","help":"","helpCitation":"","helpAudioURL":"","helpReader":"","helpImageURL":"","helpVideoURL":"","buttons":[{"label":"Get Started","next":"1-Name and gender","url":"","repeatVar":"","repeatVarSet":"","name":"","value":""},{"label":"Exit","next":"FAIL","url":"www.google.com","repeatVar":"","repeatVarSet":"","name":"","value":""}],"fields":[],"codeBefore":"","codeAfter":"","codeCitation":"","notes":""},"1-Returning landing page":{"name":"1-Returning landing page","type":"A2J","step":3,"repeatVar":"","nested":false,"outerLoopVar":"","text":"Welcome back %%[Client first name TE]%%<DIV>You have completed part of the interview. We can take you back to where you left so that you can finish. </DIV>","textCitation":"","textAudioURL":"","learn":"","help":"","helpCitation":"","helpAudioURL":"","helpReader":"","helpImageURL":"","helpVideoURL":"","buttons":[{"label":"Continue","next":"2-Conditions of release list","url":"","repeatVar":"","repeatVarSet":"","name":"","value":""}],"fields":[],"codeBefore":"IF HASANSWERED([Client first name TE]) = false<BR/>SET [Client first name TE] TO \" \"<BR/>END IF","codeAfter":"","codeCitation":"","notes":""},"1-Name and gender":{"name":"1-Name and gender","type":"A2J","step":1,"repeatVar":"","nested":false,"outerLoopVar":"","text":"<P>Enter your name and select an avatar to represent you. </P>","textCitation":"<P><BR/></P>","textAudioURL":"","learn":"","help":"<P><BR/></P>","helpCitation":"<P><BR/></P>","helpAudioURL":"","helpReader":"<P><BR/></P>","helpImageURL":"","helpVideoURL":"","buttons":[{"label":"Continue","next":"2-Release or pending?","url":"","repeatVar":"","repeatVarSet":"","name":"Finished basic info TF","value":"true"}],"fields":[{"type":"text","label":"<P>First:</P>","name":"Client first name TE","value":"","order":"ASC","required":true,"min":"","max":"","calculator":false,"maxChars":"","listSrc":"","listData":"","sample":"","invalidPrompt":"<P>You must type a response in the highlighted space before you can continue.</P>"},{"type":"text","label":"<P>Middle:</P>","name":"Client middle name TE","value":"","order":"ASC","required":false,"min":"","max":"","calculator":false,"maxChars":"","listSrc":"","listData":"","sample":"","invalidPrompt":"<P>You must type a response in the highlighted space before you can continue.</P>"},{"type":"text","label":"<P>Last:</P>","name":"Client last name TE","value":"","order":"ASC","required":true,"min":"","max":"","calculator":false,"maxChars":"","listSrc":"","listData":"","sample":"","invalidPrompt":"<P>You must type a response in the highlighted space before you can continue.</P>"},{"type":"gender","label":"<P>Gender for avatar</P>","name":"User Gender","value":"","order":"","required":false,"min":"","max":"","calculator":false,"maxChars":"","listSrc":"","listData":"","sample":"","invalidPrompt":"<P><BR/></P>"}],"codeBefore":"IF [Finished basic info TF] = true<BR/>GOTO \"2-Release or pending?\"<BR/>END IF<BR/><BR/><BR/>IF [Returning user TF] = false<BR/>SET [Client first name TE] TO NULL<BR/>END IF<BR/><BR/><BR/>SET [Returning user TF] = true","codeAfter":"IF HASANSWERED([Client middle name TE])<BR/>SET [User name full TE] TO [Client first name TE] + \" \" + [Client middle name TE] + \" \" + [Client last name TE]<BR/>ELSE<BR/>SET [User name full TE] TO [Client first name TE] + \" \" + [Client last name TE]<BR/>END IF","codeCitation":"<P><BR/></P>","notes":"<P><BR/></P>"},"2-Release or pending?":{"name":"2-Release or pending?","type":"A2J","step":1,"repeatVar":"","nested":false,"outerLoopVar":"","text":"Have you recently been released from jail or do you have an imminent release date?","textCitation":"","textAudioURL":"","learn":"What if I don't have a release date yet?","help":"If you don't have a release date, this program won't be helpful because your conditions of release aren't set yet. When you get your release date and conditions of release, please come back and start this interview again. Click Exit in the top navigation bar to create an account and save your progress so far. ","helpCitation":"","helpAudioURL":"","helpReader":"","helpImageURL":"","helpVideoURL":"","buttons":[{"label":"Already released","next":"3-Know PO","url":"","repeatVar":"","repeatVarSet":"","name":"Already released TF","value":"true"},{"label":"Will be released soon","next":"3-Know PO","url":"","repeatVar":"","repeatVarSet":"","name":"Still in jail TF","value":"true"}],"fields":[],"codeBefore":"","codeAfter":"","codeCitation":"","notes":""},"3-Know PO":{"name":"3-Know PO","type":"A2J","step":1,"repeatVar":"","nested":false,"outerLoopVar":"","text":"Do you know who your Parole Officer is and where their office is located?","textCitation":"","textAudioURL":"","learn":"","help":"","helpCitation":"","helpAudioURL":"","helpReader":"","helpImageURL":"","helpVideoURL":"","buttons":[{"label":"Yes","next":"6-Conditions of release","url":"","repeatVar":"","repeatVarSet":"","name":"Know PO TF","value":"true"},{"label":"No","next":"4-Don't know PO info","url":"","repeatVar":"","repeatVarSet":"","name":"Know PO TF","value":"false"}],"fields":[],"codeBefore":"IF [Know PO TF] = true<BR/>GOTO \"6-Conditions of release\"<BR/>END IF","codeAfter":"","codeCitation":"","notes":""},"4-Don't know PO info":{"name":"4-Don't know PO info","type":"A2J","step":1,"repeatVar":"","nested":false,"outerLoopVar":"","text":"You said that you don't know your parole officer and/or their location. You will need this information to complete this A2J Guided Interview. You should have received a paper with your release date information, conditions of release, and the contact information for your parole officer. <DIV><BR/></DIV><DIV>Do you have this information somewhere or do you need help finding out this information? </DIV>","textCitation":"","textAudioURL":"","learn":"","help":"","helpCitation":"","helpAudioURL":"","helpReader":"","helpImageURL":"","helpVideoURL":"","buttons":[{"label":"Have it somewhere I can find later","next":"6-Conditions of release","url":"","repeatVar":"","repeatVarSet":"","name":"","value":""},{"label":"I need help finding this information","next":"5-Don't know PO info 2","url":"","repeatVar":"","repeatVarSet":"","name":"Need PO resources TF","value":"true"}],"fields":[],"codeBefore":"","codeAfter":"","codeCitation":"","notes":""},"5-Don't know PO info 2":{"name":"5-Don't know PO info 2","type":"A2J","step":1,"repeatVar":"","nested":false,"outerLoopVar":"","text":"You said that you need help finding your parole office and their office location. <A target=\"_blank\" href=\"https://www.csosa.gov/\">Here</A> is where you can look it up. ","textCitation":"","textAudioURL":"","learn":"","help":"","helpCitation":"","helpAudioURL":"","helpReader":"","helpImageURL":"","helpVideoURL":"","buttons":[{"label":"I have the PO information now.","next":"3-Know PO","url":"","repeatVar":"","repeatVarSet":"","name":"","value":""},{"label":"Exit and come back later.","next":"EXIT","url":"","repeatVar":"","repeatVarSet":"","name":"","value":""}],"fields":[],"codeBefore":"","codeAfter":"","codeCitation":"","notes":""},"6-Conditions of release":{"name":"6-Conditions of release","type":"A2J","step":1,"repeatVar":"","nested":false,"outerLoopVar":"","text":"Please select the conditions of release that you have. You can select more than one. ","textCitation":"","textAudioURL":"","learn":"","help":"","helpCitation":"","helpAudioURL":"","helpReader":"","helpImageURL":"","helpVideoURL":"","buttons":[{"label":"Continue","next":"1-PO required","url":"","repeatVar":"","repeatVarSet":"","name":"Finished conditions TF","value":"true"}],"fields":[{"type":"checkbox","label":"Regular check-ins with parole officer","name":"Need to visit PO TF","value":"","order":"","required":false,"min":"","max":"","calculator":false,"maxChars":"","listSrc":"","listData":"","sample":"","invalidPrompt":""},{"type":"checkbox","label":"Need stable housing","name":"Need stable housing TF","value":"","order":"","required":false,"min":"","max":"","calculator":false,"maxChars":"","listSrc":"","listData":"","sample":"","invalidPrompt":""},{"type":"checkbox","label":"Need to have a steady job","name":"Need employment TF","value":"","order":"","required":false,"min":"","max":"","calculator":false,"maxChars":"","listSrc":"","listData":"","sample":"","invalidPrompt":""},{"type":"checkbox","label":"Need to have regular drug tests and/or attend AA or NA meetings","name":"Need drug testing or meetings TF","value":"","order":"","required":false,"min":"","max":"","calculator":false,"maxChars":"","listSrc":"","listData":"","sample":"","invalidPrompt":""}],"codeBefore":"IF [Finished conditions TF] = true<BR/>GOTO \"1-PO required\"<BR/>END IF<BR/><BR/><BR/>SET [Finished conditions TF] TO NULL<BR/>SET [Finished PO TF] TO NULL<BR/>SET [Finished Housing TF] TO NULL<BR/>SET [Finished employment TF] TO NULL<BR/>SET [Finished drug testing TF] TO NULL<BR/>SET [Finished meetings TF] TO NULL","codeAfter":"IF [Need to visit PO TF] = true<BR/>SET [List has parole TE] TO \"Visit parole officer\"<BR/>ELSE<BR/>SET [List has parole TE] TO \" \"<BR/>END IF<BR/><BR/><BR/>IF [Need stable housing TF] = true<BR/>SET [List has housing TE] TO \"Need stable housing\"<BR/>ELSE<BR/>SET [List has housing TE] TO \" \" <BR/>END IF<BR/><BR/><BR/>IF [Need employment TF] = true<BR/>SET [List has employment TE] TO \"Need a job\"<BR/>ELSE<BR/>SET [List has employment TE] TO \" \" <BR/>END IF<BR/><BR/><BR/>IF [Need drug testing or meetings TF] = true<BR/>SET [List has testing or meeting TE] TO \"Need drug testing or substance abuse meetings\"<BR/>ELSE<BR/>SET [List has testing or meeting TE] TO \" \" <BR/>END IF","codeCitation":"","notes":""},"1-PO required":{"name":"1-PO required","type":"A2J","step":2,"repeatVar":"","nested":false,"outerLoopVar":"","text":"<P>You said one of the conditions of your release was a regular check-in with your parole officer. What is your parole officer's name and address and how often do you need to check-in?</P>","textCitation":"","textAudioURL":"","learn":"","help":"","helpCitation":"","helpAudioURL":"","helpReader":"","helpImageURL":"","helpVideoURL":"","buttons":[{"label":"Continue","next":"2-Housing (Released already)","url":"","repeatVar":"","repeatVarSet":"","name":"Finished PO TF","value":"true"}],"fields":[{"type":"text","label":"Parole officer's name","name":"PO name TE","value":"","order":"","required":true,"min":"","max":"","calculator":false,"maxChars":"","listSrc":"","listData":"","sample":"","invalidPrompt":""},{"type":"text","label":"Parole officer's address","name":"PO location TE","value":"","order":"","required":true,"min":"","max":"","calculator":false,"maxChars":"","listSrc":"","listData":"","sample":"","invalidPrompt":""},{"type":"textpick","label":"How often you need to check-in","name":"PO frequency MC","value":"","order":"","required":false,"min":"","max":"","calculator":false,"maxChars":"","listSrc":"","listData":"<option>Daily</option><option>Weekly</option><option>Every other week</option><option>Monthly</option><option>Every other month</option>","sample":"","invalidPrompt":""}],"codeBefore":"IF [Need to visit PO TF] = false<BR/>GOTO \"2-Housing (Released already)\"<BR/>END IF<BR/><BR/><BR/>IF [Finished PO TF] = true<BR/>GOTO \"2-Housing (Released already)\"<BR/>END IF","codeAfter":"","codeCitation":"","notes":""},"4b-Don't know PO info":{"name":"4b-Don't know PO info","type":"A2J","step":1,"repeatVar":"","nested":false,"outerLoopVar":"","text":"You said that you have your parole officer information somewhere else that you can access later. Please come back when you have this information to complete the interview. Click Exit to create an account and save your information so far. ","textCitation":"","textAudioURL":"","learn":"","help":"","helpCitation":"","helpAudioURL":"","helpReader":"","helpImageURL":"","helpVideoURL":"","buttons":[{"label":"Exit","next":"EXIT","url":"","repeatVar":"","repeatVarSet":"","name":"Missing info returning user TF","value":"true"}],"fields":[],"codeBefore":"","codeAfter":"","codeCitation":"","notes":""},"2-Housing (Released already)":{"name":"2-Housing (Released already)","type":"A2J","step":2,"repeatVar":"","nested":false,"outerLoopVar":"","text":"You said that you need stable housing as a condition of your release. Do you currently have <A target=\"_blank\" href=\"POPUP://Stable Housing\">stable housing</A>? ","textCitation":"","textAudioURL":"","learn":"","help":"","helpCitation":"","helpAudioURL":"","helpReader":"","helpImageURL":"","helpVideoURL":"","buttons":[{"label":"Yes","next":"7-Employment (Released already)","url":"","repeatVar":"","repeatVarSet":"","name":"Finished Housing TF","value":"True"},{"label":"No","next":"4-Have a plan for housing?","url":"","repeatVar":"","repeatVarSet":"","name":"","value":""}],"fields":[],"codeBefore":"IF [Need stable housing TF] = true AND [Still in jail TF] = true<BR/>GOTO \"3-Housing (In jail still)\"<BR/>END IF<BR/><BR/>IF [Need stable housing TF] = false <BR/>GOTO \"7-Employment (Released already)\"<BR/>END IF<BR/><BR/>IF [Finished Housing TF] = True<BR/>GOTO \"7-Employment (Released already)\"<BR/>END IF","codeAfter":"","codeCitation":"","notes":""},"Stable Housing":{"name":"Stable Housing","type":"Popup","step":0,"repeatVar":"","nested":false,"outerLoopVar":"","text":"Stable housing means that you have a place to sleep and keep your belongings that you have control over and can access every night. ","textCitation":"","textAudioURL":"","learn":"","help":"","helpCitation":"","helpAudioURL":"","helpReader":"","helpImageURL":"","helpVideoURL":"","buttons":[],"fields":[],"codeBefore":"","codeAfter":"","codeCitation":"","notes":""},"3-Housing (In jail still)":{"name":"3-Housing (In jail still)","type":"A2J","step":2,"repeatVar":"","nested":false,"outerLoopVar":"","text":"You said that you need stable housing as a condition of your release. Do you currently have <A target=\"_blank\" href=\"POPUP://Stable Housing\">stable housing</A> lined up for when you are released? ","textCitation":"","textAudioURL":"","learn":"","help":"","helpCitation":"","helpAudioURL":"","helpReader":"","helpImageURL":"","helpVideoURL":"","buttons":[{"label":"Yes","next":"8-Employment (In jail still)","url":"","repeatVar":"","repeatVarSet":"","name":"Finished Housing TF","value":"true"},{"label":"No","next":"4-Have a plan for housing?","url":"","repeatVar":"","repeatVarSet":"","name":"","value":""}],"fields":[],"codeBefore":"IF [Finished housing TF] = true<BR/>GOTO \"8-Employment (In jail still)\"<BR/>END IF","codeAfter":"","codeCitation":"","notes":""},"4-Have a plan for housing?":{"name":"4-Have a plan for housing?","type":"A2J","step":2,"repeatVar":"","nested":false,"outerLoopVar":"","text":"You said that you don't have stable housing arranged yet. Do you have a plan for how you can get stable housing?","textCitation":"","textAudioURL":"","learn":"","help":"","helpCitation":"","helpAudioURL":"","helpReader":"","helpImageURL":"","helpVideoURL":"","buttons":[{"label":"Yes","next":"5-Yes plan for housing","url":"","repeatVar":"","repeatVarSet":"","name":"","value":""},{"label":"No","next":"6-No plan for housing","url":"","repeatVar":"","repeatVarSet":"","name":"","value":""}],"fields":[],"codeBefore":"","codeAfter":"","codeCitation":"","notes":""},"5-Yes plan for housing":{"name":"5-Yes plan for housing","type":"A2J","step":2,"repeatVar":"","nested":false,"outerLoopVar":"","text":"Great. When you secure stable housing make sure to let your parole officer know where you are living immediately. ","textCitation":"","textAudioURL":"","learn":"","help":"","helpCitation":"","helpAudioURL":"","helpReader":"","helpImageURL":"","helpVideoURL":"","buttons":[{"label":"Continue","next":"7-Employment (Released already)","url":"","repeatVar":"","repeatVarSet":"","name":"Finished Housing TF","value":"true"}],"fields":[],"codeBefore":"","codeAfter":"","codeCitation":"","notes":""},"6-No plan for housing":{"name":"6-No plan for housing","type":"A2J","step":2,"repeatVar":"","nested":false,"outerLoopVar":"","text":"That's ok. We have resources that can help you find the housing you require. These additional resources will be included in your Personalized Action Plan that is created when you finish this interview. ","textCitation":"","textAudioURL":"","learn":"","help":"","helpCitation":"","helpAudioURL":"","helpReader":"","helpImageURL":"","helpVideoURL":"","buttons":[{"label":"Continue","next":"7-Employment (Released already)","url":"","repeatVar":"","repeatVarSet":"","name":"Need housing info TF","value":"true"}],"fields":[],"codeBefore":"","codeAfter":"SET [PAP needed TF] TO TRUE","codeCitation":"","notes":""},"7-Employment (Released already)":{"name":"7-Employment (Released already)","type":"A2J","step":2,"repeatVar":"","nested":false,"outerLoopVar":"","text":"You said that one of the conditions of your release was a job. Do you currently have a job? ","textCitation":"","textAudioURL":"","learn":"","help":"","helpCitation":"","helpAudioURL":"","helpReader":"","helpImageURL":"","helpVideoURL":"","buttons":[{"label":"Yes","next":"9-Job information","url":"","repeatVar":"","repeatVarSet":"","name":"Have job TF","value":"true"},{"label":"No","next":"10-Don't have a job yet","url":"","repeatVar":"","repeatVarSet":"","name":"Have job TF","value":"false"}],"fields":[],"codeBefore":"IF [Finished employment TF] = true<BR/>GOTO \"11-Drug testing and meetings\"<BR/>END IF<BR/><BR/>IF [Need employment TF] = true AND [Still in jail TF] = true<BR/>GOTO \"8-Employment (In jail still)\"<BR/>END IF<BR/><BR/><BR/>IF [Need employment TF] = false<BR/>GOTO \"11-Drug testing and meetings\"<BR/>END IF","codeAfter":"IF [Have job TF] = TRUE<BR/>SET [Finished employment TF] TO TRUE<BR/>END IF","codeCitation":"","notes":""},"8-Employment (In jail still)":{"name":"8-Employment (In jail still)","type":"A2J","step":2,"repeatVar":"","nested":false,"outerLoopVar":"","text":"You said that one of the conditions of your release was a job. Do you currently have a job lined up for when you are released? ","textCitation":"","textAudioURL":"","learn":"","help":"","helpCitation":"","helpAudioURL":"","helpReader":"","helpImageURL":"","helpVideoURL":"","buttons":[{"label":"Yes","next":"","url":"","repeatVar":"","repeatVarSet":"","name":"Have job TF","value":"true"},{"label":"No","next":"","url":"","repeatVar":"","repeatVarSet":"","name":"Have job TF","value":"false"}],"fields":[],"codeBefore":"IF [Finished employment TF] = TRUE<BR/>GOTO \"11-Drug testing and meetings\"<BR/>END IF<BR/><BR/><BR/>IF [Need employment TF] = false<BR/>GOTO \"11-Drug testing and meetings\"<BR/>END IF","codeAfter":"IF [Have job TF] = true<BR/>SET [Finished employment TF] = true<BR/>END IF","codeCitation":"","notes":""},"9-Job information":{"name":"9-Job information","type":"A2J","step":2,"repeatVar":"","nested":false,"outerLoopVar":"","text":"Tell me about your job. We'll use this information to create a letter your boss can sign and then you can give to your parole officer. ","textCitation":"","textAudioURL":"","learn":"","help":"","helpCitation":"","helpAudioURL":"","helpReader":"","helpImageURL":"","helpVideoURL":"","buttons":[{"label":"Continue","next":"11-Drug testing and meetings","url":"","repeatVar":"","repeatVarSet":"","name":"","value":""}],"fields":[{"type":"text","label":"Company name","name":"Company name TE","value":"","order":"","required":true,"min":"","max":"","calculator":false,"maxChars":"","listSrc":"","listData":"","sample":"","invalidPrompt":""},{"type":"text","label":"Company address","name":"Employment address TE","value":"","order":"","required":true,"min":"","max":"","calculator":false,"maxChars":"","listSrc":"","listData":"","sample":"","invalidPrompt":""},{"type":"text","label":"Manager's name","name":"Boss name TE","value":"","order":"","required":false,"min":"","max":"","calculator":false,"maxChars":"","listSrc":"","listData":"","sample":"","invalidPrompt":""},{"type":"datemdy","label":"Job start date","name":"Job start date DA","value":"","order":"","required":true,"min":"","max":"","calculator":false,"maxChars":"","listSrc":"","listData":"","sample":"","invalidPrompt":""}],"codeBefore":"","codeAfter":"SET [Finished employment TF] TO TRUE","codeCitation":"","notes":""},"10-Don't have a job yet":{"name":"10-Don't have a job yet","type":"A2J","step":2,"repeatVar":"","nested":false,"outerLoopVar":"","text":"You said that you don't have a job yet. Do you want help finding one? ","textCitation":"","textAudioURL":"","learn":"","help":"","helpCitation":"","helpAudioURL":"","helpReader":"","helpImageURL":"","helpVideoURL":"","buttons":[{"label":"Yes","next":"10a-Don't have a job yet 2","url":"","repeatVar":"","repeatVarSet":"","name":"Need job info TF","value":"true"},{"label":"No","next":"11-Drug testing and meetings","url":"","repeatVar":"","repeatVarSet":"","name":"","value":""}],"fields":[],"codeBefore":"","codeAfter":"IF [Need job info TF] = true<BR/>SET [PAP needed TF] TO TRUE<BR/>END IF","codeCitation":"","notes":""},"11-Drug testing and meetings":{"name":"11-Drug testing and meetings","type":"A2J","step":2,"repeatVar":"","nested":false,"outerLoopVar":"","text":"You said that mandatory drug testing and/or attending NA or AA meetings was a condition of your release. Please select the condition that best meets your requirement from this list: ","textCitation":"","textAudioURL":"","learn":"","help":"","helpCitation":"","helpAudioURL":"","helpReader":"","helpImageURL":"","helpVideoURL":"","buttons":[{"label":"Continue","next":"12-Drug testing frequency","url":"","repeatVar":"","repeatVarSet":"","name":"","value":""}],"fields":[{"type":"textpick","label":"","name":"Drug and testing specifics MC","value":"","order":"","required":true,"min":"","max":"","calculator":false,"maxChars":"","listSrc":"","listData":"<option>Mandatory drug testing required</option><option>NA/AA meetings required</option><option>Both drug testing and NA/AA meetings required</option>","sample":"","invalidPrompt":""}],"codeBefore":"IF [Need drug testing or meetings TF] = false<BR/>GOTO \"1-The End\"<BR/>END IF","codeAfter":"","codeCitation":"","notes":""},"12-Drug testing frequency":{"name":"12-Drug testing frequency","type":"A2J","step":2,"repeatVar":"","nested":false,"outerLoopVar":"","text":"How often do you need to be drug tested?","textCitation":"","textAudioURL":"","learn":"","help":"","helpCitation":"","helpAudioURL":"","helpReader":"","helpImageURL":"","helpVideoURL":"","buttons":[{"label":"Continue","next":"13-Drug testing location known?","url":"","repeatVar":"","repeatVarSet":"","name":"","value":""}],"fields":[{"type":"textpick","label":"","name":"Drug testing frequency MC","value":"","order":"","required":true,"min":"","max":"","calculator":false,"maxChars":"","listSrc":"","listData":"<option>Daily</option><option>Weekly</option><option>Monthly</option>","sample":"","invalidPrompt":""}],"codeBefore":"IF [Drug and testing specifics MC] = \"NA/AA meetings required\"<BR/>GOTO \"15-Meetings\"<BR/>END IF<BR/><BR/><BR/>IF [Finished drug testing TF] = TRUE<BR/>GOTO \"15-Meetings\"<BR/>END IF","codeAfter":"","codeCitation":"","notes":""},"13-Drug testing location known?":{"name":"13-Drug testing location known?","type":"A2J","step":2,"repeatVar":"","nested":false,"outerLoopVar":"","text":"Do you know where to go to be drug tested?","textCitation":"","textAudioURL":"","learn":"","help":"","helpCitation":"","helpAudioURL":"","helpReader":"","helpImageURL":"","helpVideoURL":"","buttons":[{"label":"Yes","next":"15-Meetings","url":"","repeatVar":"","repeatVarSet":"","name":"","value":""},{"label":"No","next":"14-Need drug testing facility information","url":"","repeatVar":"","repeatVarSet":"","name":"","value":""}],"fields":[],"codeBefore":"","codeAfter":"","codeCitation":"","notes":""},"14-Need drug testing facility information":{"name":"14-Need drug testing facility information","type":"A2J","step":2,"repeatVar":"","nested":false,"outerLoopVar":"","text":"Do you want help finding your state approved testing facilities? If you click \"Yes\", a list of state approved drug testing facilities will appear in your Personalized Action Plan when you finish this interview. ","textCitation":"","textAudioURL":"","learn":"","help":"","helpCitation":"","helpAudioURL":"","helpReader":"","helpImageURL":"","helpVideoURL":"","buttons":[{"label":"Yes","next":"15-Meetings","url":"","repeatVar":"","repeatVarSet":"","name":"Need testing facility info TF","value":"true"},{"label":"No","next":"15-Meetings","url":"","repeatVar":"","repeatVarSet":"","name":"","value":""}],"fields":[],"codeBefore":"","codeAfter":"IF [Need testing facility info TF] = true<BR/>SET [PAP needed TF] TO TRUE<BR/>END IF","codeCitation":"","notes":""},"15-Meetings":{"name":"15-Meetings","type":"A2J","step":2,"repeatVar":"","nested":false,"outerLoopVar":"","text":"You said that you needed to attend NA or AA meetings as a condition of your release. Do you have a meeting that you attend or plan to attend?","textCitation":"","textAudioURL":"","learn":"","help":"","helpCitation":"","helpAudioURL":"","helpReader":"","helpImageURL":"","helpVideoURL":"","buttons":[{"label":"Yes","next":"1-The End","url":"","repeatVar":"","repeatVarSet":"","name":"Finished meetings TF","value":"true"},{"label":"No","next":"16-Need meetings information","url":"","repeatVar":"","repeatVarSet":"","name":"","value":""}],"fields":[],"codeBefore":"IF [Drug and testing specifics MC] = \"Mandatory drug testing required\"<BR/>GOTO \"1-The End\"<BR/>END IF<BR/> <BR/>IF [Finished meetings TF] = true<BR/>GOTO \"1-The End\"<BR/>END IF","codeAfter":"","codeCitation":"","notes":""},"16-Need meetings information":{"name":"16-Need meetings information","type":"A2J","step":2,"repeatVar":"","nested":false,"outerLoopVar":"","text":"<A target=\"_blank\" href=\"https://aa-dc.org/meetings\">Here's</A> where you can find a local meeting to attend. ","textCitation":"","textAudioURL":"","learn":"","help":"","helpCitation":"","helpAudioURL":"","helpReader":"","helpImageURL":"","helpVideoURL":"","buttons":[{"label":"Continue","next":"1-The End","url":"","repeatVar":"","repeatVarSet":"","name":"","value":""}],"fields":[],"codeBefore":"","codeAfter":"","codeCitation":"","notes":""},"1-The End":{"name":"1-The End","type":"A2J","step":4,"repeatVar":"","nested":false,"outerLoopVar":"","text":"Congratulations! You have completed the Re-Entry Navigation A2J Guided Interview. ","textCitation":"","textAudioURL":"","learn":"","help":"","helpCitation":"","helpAudioURL":"","helpReader":"","helpImageURL":"","helpVideoURL":"","buttons":[{"label":"Continue","next":"2-Reminder Opt in","url":"","repeatVar":"","repeatVarSet":"","name":"","value":""}],"fields":[],"codeBefore":"","codeAfter":"","codeCitation":"","notes":""},"2-Reminder Opt in":{"name":"2-Reminder Opt in","type":"A2J","step":4,"repeatVar":"","nested":false,"outerLoopVar":"","text":"Do you want to receive text message and/or calendar invitation reminders about your required parole officer check-ins?","textCitation":"","textAudioURL":"","learn":"","help":"","helpCitation":"","helpAudioURL":"","helpReader":"","helpImageURL":"","helpVideoURL":"","buttons":[{"label":"Continue","next":"3-Opt in Phone only","url":"","repeatVar":"","repeatVarSet":"","name":"","value":""}],"fields":[{"type":"radio","label":"Text Message Reminders","name":"Opt in choice MC","value":"text","order":"","required":true,"min":"","max":"","calculator":false,"maxChars":"","listSrc":"","listData":"","sample":"","invalidPrompt":""},{"type":"radio","label":"Emailed calendar invitations","name":"Opt in choice MC","value":"email","order":"","required":true,"min":"","max":"","calculator":false,"maxChars":"","listSrc":"","listData":"","sample":"","invalidPrompt":""},{"type":"radio","label":"Text Reminders and Calendar Invitations","name":"Opt in choice MC","value":"both","order":"","required":true,"min":"","max":"","calculator":false,"maxChars":"","listSrc":"","listData":"","sample":"","invalidPrompt":""},{"type":"radio","label":"No reminders or calendar invitations","name":"Opt in choice MC","value":"none","order":"","required":true,"min":"","max":"","calculator":false,"maxChars":"","listSrc":"","listData":"","sample":"","invalidPrompt":""}],"codeBefore":"IF [Need to visit PO TF] = false<BR/>GOTO \"7-Finish instructions\"<BR/>END IF","codeAfter":"","codeCitation":"","notes":""},"3-Opt in Phone only":{"name":"3-Opt in Phone only","type":"A2J","step":4,"repeatVar":"","nested":false,"outerLoopVar":"","text":"Great. We will send you text message reminders the day before your scheduled check-in. <DIV><BR/></DIV><DIV>What phone number should be text?</DIV><DIV><BR/></DIV><DIV>What is the date of your next check in? This will set the schedule for your text reminders. </DIV><DIV>(For demonstration purposes, use tomorrow as the date of your next check-in so you get the text message right away)</DIV>","textCitation":"","textAudioURL":"","learn":"","help":"","helpCitation":"","helpAudioURL":"","helpReader":"","helpImageURL":"","helpVideoURL":"","buttons":[{"label":"Continue","next":"7-Finish instructions","url":"","repeatVar":"","repeatVarSet":"","name":"","value":""}],"fields":[{"type":"text","label":"Phone number: enter just numbers, no - or / or ()","name":"Phone TE","value":"","order":"","required":true,"min":"","max":"","calculator":false,"maxChars":"","listSrc":"","listData":"","sample":"","invalidPrompt":""},{"type":"datemdy","label":"Date of next scheduled visit","name":"Date next visit DA","value":"","order":"","required":true,"min":"","max":"","calculator":false,"maxChars":"","listSrc":"","listData":"","sample":"","invalidPrompt":""}],"codeBefore":"IF [Opt in choice MC] = \"email\"<BR/>GOTO \"4-Opt in email\"<BR/>END IF<BR/><BR/><BR/>IF [Opt in choice MC] = \"both\"<BR/>GOTO \"5-Opt in phone and email\"<BR/>END IF<BR/><BR/><BR/>IF [Opt in choice MC] = \"none\"<BR/>GOTO \"6-Opt out\"<BR/>END IF","codeAfter":"","codeCitation":"","notes":""},"4-Opt in email":{"name":"4-Opt in email","type":"A2J","step":4,"repeatVar":"","nested":false,"outerLoopVar":"","text":"Great. We will send you an emailed calendar invite that will populate your online calendar with reminders for your scheduled parole officer check-ins. <DIV><BR/></DIV><DIV>What email address should we use?</DIV><DIV><BR/></DIV><DIV>What is the date of your next scheduled check-in with your parole officer?</DIV>","textCitation":"","textAudioURL":"","learn":"","help":"","helpCitation":"","helpAudioURL":"","helpReader":"","helpImageURL":"","helpVideoURL":"","buttons":[{"label":"Continue","next":"7-Finish instructions","url":"","repeatVar":"","repeatVarSet":"","name":"","value":""}],"fields":[{"type":"text","label":"Email address","name":"Email TE","value":"","order":"","required":true,"min":"","max":"","calculator":false,"maxChars":"","listSrc":"","listData":"","sample":"","invalidPrompt":""},{"type":"datemdy","label":"Date of next scheduled check-in","name":"Date next visit DA","value":"","order":"","required":true,"min":"","max":"","calculator":false,"maxChars":"","listSrc":"","listData":"","sample":"","invalidPrompt":""}],"codeBefore":"","codeAfter":"","codeCitation":"","notes":""},"5-Opt in phone and email":{"name":"5-Opt in phone and email","type":"A2J","step":4,"repeatVar":"","nested":false,"outerLoopVar":"","text":"<P>Great. We will send you text message reminders the day before your scheduled check-in and an emailed calendar invitation as well. </P><DIV><BR/></DIV><DIV>What phone number should we text?</DIV><DIV><BR/></DIV><DIV>What email address should we use?</DIV><DIV><BR/></DIV><DIV>What is the date of your next scheduled check-in? (For demonstration purposes, use today's date so that you will receive the text message reminder shortly.)</DIV>","textCitation":"<P><BR/></P>","textAudioURL":"","learn":"","help":"<P><BR/></P>","helpCitation":"<P><BR/></P>","helpAudioURL":"","helpReader":"<P><BR/></P>","helpImageURL":"","helpVideoURL":"","buttons":[{"label":"Continue","next":"7-Finish instructions","url":"","repeatVar":"","repeatVarSet":"","name":"","value":""}],"fields":[{"type":"text","label":"<P>Phone number: enter only numbers, no -, /, or ()</P>","name":"Phone TE","value":"","order":"","required":true,"min":"","max":"","calculator":false,"maxChars":"","listSrc":"","listData":"","sample":"","invalidPrompt":"<P><BR/></P>"},{"type":"text","label":"<P>Email address</P>","name":"Email TE","value":"","order":"","required":true,"min":"","max":"","calculator":false,"maxChars":"","listSrc":"","listData":"","sample":"","invalidPrompt":"<P><BR/></P>"},{"type":"datemdy","label":"<P>Date of next scheduled visit</P>","name":"Date next visit DA","value":"","order":"","required":true,"min":"","max":"","calculator":false,"maxChars":"","listSrc":"","listData":"","sample":"","invalidPrompt":"<P><BR/></P>"}],"codeBefore":"","codeAfter":"","codeCitation":"<P><BR/></P>","notes":"<P><BR/></P>"},"6-Opt out":{"name":"6-Opt out","type":"A2J","step":4,"repeatVar":"","nested":false,"outerLoopVar":"","text":"You have opted out of phone reminders and emailed calendar invitations. If you change your mind, you can opt in later by re-running this interview and changing your answer.","textCitation":"","textAudioURL":"","learn":"","help":"","helpCitation":"","helpAudioURL":"","helpReader":"","helpImageURL":"","helpVideoURL":"","buttons":[{"label":"Continue","next":"7-Finish instructions","url":"","repeatVar":"","repeatVarSet":"","name":"","value":""}],"fields":[],"codeBefore":"","codeAfter":"","codeCitation":"","notes":""},"7-Finish instructions":{"name":"7-Finish instructions","type":"A2J","step":4,"repeatVar":"","nested":false,"outerLoopVar":"","text":"The next thing that will happen is that any documents required will be created and downloaded to your computer or phone as a pdf. Make sure to print as many copies as you need or save the file for later. If you've opted in for emailed or text reminders, those will begin as well. To finish this process, hit the \"Finish\" button below. ","textCitation":"","textAudioURL":"","learn":"","help":"","helpCitation":"","helpAudioURL":"","helpReader":"","helpImageURL":"","helpVideoURL":"","buttons":[{"label":"Finish","next":"ASSEMBLE-SUCCESS","url":"","repeatVar":"","repeatVarSet":"","name":"","value":""}],"fields":[],"codeBefore":"","codeAfter":"","codeCitation":"","notes":""},"8-Save and Exit":{"name":"8-Save and Exit","type":"A2J","step":3,"repeatVar":"","nested":false,"outerLoopVar":"","text":"You clicked the \"Exit\" button. Do you really want to exit? If you made a mistake and want to continue with the Re-Entry Navigator, click the \"Go Back to Interview\" button. <DIV><BR/></DIV><DIV>If you want to exit, click the \"Exit\" button at the bottom of this screen. You will be taken to a follow up screen where you can create an account or log into an existing one and save your answers. When you come back, make sure to start the Re-Entry Navigator with your saved answer file. <BR/></DIV>","textCitation":"","textAudioURL":"","learn":"","help":"","helpCitation":"","helpAudioURL":"","helpReader":"","helpImageURL":"","helpVideoURL":"","buttons":[{"label":"Go back to interview","next":"BACK","url":"","repeatVar":"","repeatVarSet":"","name":"","value":""},{"label":"Exit","next":"EXIT","url":"","repeatVar":"","repeatVarSet":"","name":"","value":""}],"fields":[],"codeBefore":"","codeAfter":"","codeCitation":"","notes":""},"2-Conditions of release list":{"name":"2-Conditions of release list","type":"A2J","step":3,"repeatVar":"","nested":false,"outerLoopVar":"","text":"When you were here last time, you said that you had the following conditions on your release. Do you need to make any changes?<DIV>%%[No conditions yet TE]%%<BR/><DIV>%%[List has parole TE]%%</DIV><DIV>%%[List has housing TE]%%</DIV><DIV>%%[List has employment TE]%%</DIV><DIV>%%[List has testing or meeting TE]%%</DIV><DIV><BR/></DIV></DIV>","textCitation":"","textAudioURL":"","learn":"","help":"","helpCitation":"","helpAudioURL":"","helpReader":"","helpImageURL":"","helpVideoURL":"","buttons":[{"label":"Make changes","next":"6-Conditions of release","url":"","repeatVar":"","repeatVarSet":"","name":"Changes needed TF","value":"true"},{"label":"No changes needed","next":"1-Name and gender","url":"","repeatVar":"","repeatVarSet":"","name":"","value":""}],"fields":[],"codeBefore":"IF [Need to visit PO TF] = true<BR/>SET [List has parole TE] TO \"Visit parole officer\"<BR/>ELSE<BR/>SET [List has parole TE] TO \" \"<BR/>END IF<BR/><BR/><BR/>IF [Need stable housing TF] = true<BR/>SET [List has housing TE] TO \"Need stable housing\"<BR/>ELSE<BR/>SET [List has housing TE] TO \" \" <BR/>END IF<BR/><BR/><BR/>IF [Need employment TF] = true<BR/>SET [List has employment TE] TO \"Need a job\"<BR/>ELSE<BR/>SET [List has employment TE] TO \" \" <BR/>END IF<BR/><BR/><BR/>IF [Need drug testing or meetings TF] = true<BR/>SET [List has testing or meeting TE] TO \"Need drug testing or substance abuse meetings\"<BR/>ELSE<BR/>SET [List has testing or meeting TE] TO \" \" <BR/>END IF<BR/><BR/><BR/>IF [Need drug testing or meetings TF] = false AND [Need employment TF] = false AND [Need stable housing TF] = false AND [Need to visit PO TF] = false<BR/>SET [No conditions yet TE] TO \"You didn't tell me about any conditions on your release.\"<BR/>ELSE<BR/>SET [No conditions yet TE] TO \" \" <BR/>END IF","codeAfter":"IF [Changes needed TF] = true<BR/>SET [Finished conditions TF] TO FALSE<BR/>END IF<BR/><BR/><BR/>IF HASANSWERED([Client first name TE]) = false AND [Changes needed TF] = true<BR/>GOTO \"3-Need basic info first\"<BR/>END IF<BR/><BR/><BR/>IF HASANSWERED([Know PO TF]) = false AND [Changes needed TF] = true<BR/>GOTO \"3-Need basic info first\"<BR/>END IF","codeCitation":"","notes":""},"10a-Don't have a job yet 2":{"name":"10a-Don't have a job yet 2","type":"A2J","step":2,"repeatVar":"","nested":false,"outerLoopVar":"","text":"We have resources to help you find a job in your area. Those will be added to your Personalized Action Plan when you complete the interview. ","textCitation":"","textAudioURL":"","learn":"","help":"","helpCitation":"","helpAudioURL":"","helpReader":"","helpImageURL":"","helpVideoURL":"","buttons":[{"label":"Continue","next":"11-Drug testing and meetings","url":"","repeatVar":"","repeatVarSet":"","name":"","value":""}],"fields":[],"codeBefore":"","codeAfter":"","codeCitation":"","notes":""},"3-Need basic info first":{"name":"3-Need basic info first","type":"A2J","step":3,"repeatVar":"","outerLoopVar":"","text":"<P>Before you make any changes to your conditions of release, we need to get some basic information from you.&nbsp;</P>","textCitation":"<P><BR/></P>","textAudioURL":"","learn":"","help":"<P><BR/></P>","helpCitation":"<P><BR/></P>","helpAudioURL":"","helpReader":"<P><BR/></P>","helpImageURL":"","helpVideoURL":"","buttons":[{"label":"Continue","next":"1-Name and gender","url":"","repeatVar":"","repeatVarSet":"","name":"","value":""}],"fields":[],"codeBefore":"","codeAfter":"","codeCitation":"<P><BR/></P>","notes":"<P><BR/></P>"}}}