<?xml version="1.0" encoding="UTF-8" ?><GUIDE><INFO><AUTHORS><AUTHOR><NAME>Jessica Frank</NAME><TITLE>A2J Author Project Manager</TITLE><ORGANIZATION>CALI</ORGANIZATION><EMAIL>jessica@cali.org</EMAIL></AUTHOR></AUTHORS><AUTHORID>11</AUTHORID><TOOL>A2J</TOOL><TOOLVERSION>2012-04-19</TOOLVERSION><AVATAR>avatar1</AVATAR><GUIDEGENDER>female</GUIDEGENDER><AVATARSKINTONE>medium</AVATARSKINTONE><AVATARHAIRCOLOR>brownMedium</AVATARHAIRCOLOR><DESCRIPTION>This was created as part of the 2019 Tubman Hackathon at Suffolk University's LITCon. It was developed by Jessica Frank (CALI), Kathleen Gordon (American University Washington College of Law), and Tobias Nteireho (CALI). </DESCRIPTION><EMAILCONTACT>webmaster@a2jauthor.org</EMAILCONTACT><JURISDICTION>Jurisdiction of my interview</JURISDICTION><LANGUAGE>en</LANGUAGE><NOTES><P>4/6/2019 interview created.</P></NOTES><SENDFEEDBACK>true</SENDFEEDBACK><SUBJECTAREA>Jurisdiction of my interview</SUBJECTAREA><TITLE>Hackathon 2019 Re-Entry Navigator A2J Guided Interview</TITLE><VERSION>04/07/2019 4pm ET</VERSION><VIEWER>A2J</VIEWER><FIRSTPAGE>1-Introduction</FIRSTPAGE><EXITPAGE>8-Save and Exit</EXITPAGE></INFO><PAGES><PAGE NAME="1-Introduction" TYPE="A2J" MAPX="-11" MAPY="163" STEP="0" NESTED="false"><TEXT><P>Welcome to the Re-Entry Navigator A2J Guided Interview.&#160;</P><P>This interview will help you comply with the conditions of your release and assist you as you re-enter civilian life.&#160;</P></TEXT><TEXTCITATION><P><BR/></P></TEXTCITATION><HELP><P><BR/></P></HELP><HELPCITATION><P><BR/></P></HELPCITATION><HELPREADER><P><BR/></P></HELPREADER><BUTTONS><BUTTON NEXT="2-Introduction 2"><LABEL>Continue</LABEL></BUTTON></BUTTONS><CODEAFTER>IF [Returning user TF] = TRUE<BR/>GOTO "1-Returning landing page"<BR/>END IF<BR/><BR/><BR/>IF [Missing info returning user TF] = true<BR/>GOTO "3-Know PO"<BR/>END IF<BR/><BR/><BR/>SET [Today DA] TO TODAY</CODEAFTER><CODECITATION><P><BR/></P></CODECITATION><NOTES><P><BR/></P></NOTES></PAGE><PAGE NAME="2-Introduction 2" TYPE="A2J" MAPX="-11" MAPY="283" STEP="0" NESTED="false"><TEXT>This A2J Guided Interview was created as part of the 2019 Tubman Hackathon at LITCon. <DIV><BR/></DIV><DIV>It should take you approximately 20 minutes to complete it. </DIV><DIV><BR/></DIV><DIV>If you don't have the information you need or you need to stop and come back later, click "Save and Exit" in the top navigation bar. You will be prompted to create an account and save your answers. </DIV></TEXT><BUTTONS><BUTTON NEXT="3-Introduction 3"><LABEL>Continue</LABEL></BUTTON></BUTTONS><CODEAFTER>SET [Need to visit PO TF] TO FALSE<BR/>SET [Need stable housing TF] TO FALSE<BR/>SET [Need employment TF] TO FALSE<BR/>SET [Need drug testing or meetings TF] TO FALSE</CODEAFTER></PAGE><PAGE NAME="3-Introduction 3" TYPE="A2J" MAPX="-11" MAPY="403" STEP="0" NESTED="false"><TEXT>When you complete this interview,  you will get a Personalized Action Plan that will give you additional resources needed to satisfy your release conditions, provide you with next steps and reminders, and generate the documents you will need to show to your parole officer later. <DIV><BR/></DIV><DIV>To get started, click the <I>Get Started</I> button.  To leave, click the <I>Exit </I>button</DIV></TEXT><BUTTONS><BUTTON NEXT="1-Name and gender"><LABEL>Get Started</LABEL></BUTTON><BUTTON NEXT="FAIL" URL="www.google.com"><LABEL>Exit</LABEL></BUTTON></BUTTONS></PAGE><PAGE NAME="1-Returning landing page" TYPE="A2J" MAPX="-18" MAPY="709" STEP="3" NESTED="false"><TEXT>Welcome back %%[Client first name TE]%%<DIV>You have completed part of the interview. We can take you back to where you left so that you can finish. </DIV></TEXT><BUTTONS><BUTTON NEXT="2-Conditions of release list"><LABEL>Continue</LABEL></BUTTON></BUTTONS><CODEBEFORE>IF HASANSWERED([Client first name TE]) = false<BR/>SET [Client first name TE] TO " "<BR/>END IF</CODEBEFORE></PAGE><PAGE NAME="1-Name and gender" TYPE="A2J" MAPX="7" MAPY="332" STEP="1" NESTED="false"><TEXT><P>Enter your name and select an avatar to represent you. </P></TEXT><TEXTCITATION><P><BR/></P></TEXTCITATION><HELP><P><BR/></P></HELP><HELPCITATION><P><BR/></P></HELPCITATION><HELPREADER><P><BR/></P></HELPREADER><BUTTONS><BUTTON NEXT="2-Release or pending?"><LABEL>Continue</LABEL><NAME>Finished basic info TF</NAME><VALUE>true</VALUE></BUTTON></BUTTONS><FIELDS><FIELD TYPE="text" ORDER="ASC" REQUIRED="true" CALCULATOR="false"><LABEL><P>First:</P></LABEL><NAME>Client first name TE</NAME><INVALIDPROMPT><P>You must type a response in the highlighted space before you can continue.</P></INVALIDPROMPT></FIELD><FIELD TYPE="text" ORDER="ASC" REQUIRED="false" CALCULATOR="false"><LABEL><P>Middle:</P></LABEL><NAME>Client middle name TE</NAME><INVALIDPROMPT><P>You must type a response in the highlighted space before you can continue.</P></INVALIDPROMPT></FIELD><FIELD TYPE="text" ORDER="ASC" REQUIRED="true" CALCULATOR="false"><LABEL><P>Last:</P></LABEL><NAME>Client last name TE</NAME><INVALIDPROMPT><P>You must type a response in the highlighted space before you can continue.</P></INVALIDPROMPT></FIELD><FIELD TYPE="gender" REQUIRED="false" CALCULATOR="false"><LABEL><P>Gender for avatar</P></LABEL><NAME>User Gender</NAME><INVALIDPROMPT><P><BR/></P></INVALIDPROMPT></FIELD></FIELDS><CODEBEFORE>IF [Finished basic info TF] = true<BR/>GOTO "2-Release or pending?"<BR/>END IF<BR/><BR/><BR/>IF [Returning user TF] = false<BR/>SET [Client first name TE] TO NULL<BR/>END IF<BR/><BR/><BR/>SET [Returning user TF] = true</CODEBEFORE><CODEAFTER>IF HASANSWERED([Client middle name TE])<BR/>SET [User name full TE] TO [Client first name TE] + " " + [Client middle name TE] + " " + [Client last name TE]<BR/>ELSE<BR/>SET [User name full TE] TO [Client first name TE] + " " + [Client last name TE]<BR/>END IF</CODEAFTER><CODECITATION><P><BR/></P></CODECITATION><NOTES><P><BR/></P></NOTES></PAGE><PAGE NAME="2-Release or pending?" TYPE="A2J" MAPX="7" MAPY="452" STEP="1" NESTED="false"><TEXT>Have you recently been released from jail or do you have an imminent release date?</TEXT><LEARN>What if I don't have a release date yet?</LEARN><HELP>If you don't have a release date, this program won't be helpful because your conditions of release aren't set yet. When you get your release date and conditions of release, please come back and start this interview again. Click Exit in the top navigation bar to create an account and save your progress so far. </HELP><BUTTONS><BUTTON NEXT="3-Know PO"><LABEL>Already released</LABEL><NAME>Already released TF</NAME><VALUE>true</VALUE></BUTTON><BUTTON NEXT="3-Know PO"><LABEL>Will be released soon</LABEL><NAME>Still in jail TF</NAME><VALUE>true</VALUE></BUTTON></BUTTONS></PAGE><PAGE NAME="3-Know PO" TYPE="A2J" MAPX="7" MAPY="572" STEP="1" NESTED="false"><TEXT>Do you know who your Parole Officer is and where their office is located?</TEXT><BUTTONS><BUTTON NEXT="6-Conditions of release"><LABEL>Yes</LABEL><NAME>Know PO TF</NAME><VALUE>true</VALUE></BUTTON><BUTTON NEXT="4-Don't know PO info"><LABEL>No</LABEL><NAME>Know PO TF</NAME><VALUE>false</VALUE></BUTTON></BUTTONS><CODEBEFORE>IF [Know PO TF] = true<BR/>GOTO "6-Conditions of release"<BR/>END IF</CODEBEFORE></PAGE><PAGE NAME="4-Don't know PO info" TYPE="A2J" MAPX="7" MAPY="692" STEP="1" NESTED="false"><TEXT>You said that you don't know your parole officer and/or their location. You will need this information to complete this A2J Guided Interview. You should have received a paper with your release date information, conditions of release, and the contact information for your parole officer. <DIV><BR/></DIV><DIV>Do you have this information somewhere or do you need help finding out this information? </DIV></TEXT><BUTTONS><BUTTON NEXT="6-Conditions of release"><LABEL>Have it somewhere I can find later</LABEL></BUTTON><BUTTON NEXT="5-Don't know PO info 2"><LABEL>I need help finding this information</LABEL><NAME>Need PO resources TF</NAME><VALUE>true</VALUE></BUTTON></BUTTONS></PAGE><PAGE NAME="5-Don't know PO info 2" TYPE="A2J" MAPX="7" MAPY="812" STEP="1" NESTED="false"><TEXT>You said that you need help finding your parole office and their office location. <A target="_blank" href="https://www.csosa.gov/">Here</A> is where you can look it up. </TEXT><BUTTONS><BUTTON NEXT="3-Know PO"><LABEL>I have the PO information now.</LABEL></BUTTON><BUTTON NEXT="EXIT"><LABEL>Exit and come back later.</LABEL></BUTTON></BUTTONS></PAGE><PAGE NAME="6-Conditions of release" TYPE="A2J" MAPX="7" MAPY="932" STEP="1" NESTED="false"><TEXT>Please select the conditions of release that you have. You can select more than one. </TEXT><BUTTONS><BUTTON NEXT="1-PO required"><LABEL>Continue</LABEL><NAME>Finished conditions TF</NAME><VALUE>true</VALUE></BUTTON></BUTTONS><FIELDS><FIELD TYPE="checkbox" REQUIRED="false" CALCULATOR="false"><LABEL>Regular check-ins with parole officer</LABEL><NAME>Need to visit PO TF</NAME></FIELD><FIELD TYPE="checkbox" REQUIRED="false" CALCULATOR="false"><LABEL>Need stable housing</LABEL><NAME>Need stable housing TF</NAME></FIELD><FIELD TYPE="checkbox" REQUIRED="false" CALCULATOR="false"><LABEL>Need to have a steady job</LABEL><NAME>Need employment TF</NAME></FIELD><FIELD TYPE="checkbox" REQUIRED="false" CALCULATOR="false"><LABEL>Need to have regular drug tests and/or attend AA or NA meetings</LABEL><NAME>Need drug testing or meetings TF</NAME></FIELD></FIELDS><CODEBEFORE>IF [Finished conditions TF] = true<BR/>GOTO "1-PO required"<BR/>END IF<BR/><BR/><BR/>SET [Finished conditions TF] TO NULL<BR/>SET [Finished PO TF] TO NULL<BR/>SET [Finished Housing TF] TO NULL<BR/>SET [Finished employment TF] TO NULL<BR/>SET [Finished drug testing TF] TO NULL<BR/>SET [Finished meetings TF] TO NULL</CODEBEFORE><CODEAFTER>IF [Need to visit PO TF] = true<BR/>SET [List has parole TE] TO "Visit parole officer"<BR/>ELSE<BR/>SET [List has parole TE] TO " "<BR/>END IF<BR/><BR/><BR/>IF [Need stable housing TF] = true<BR/>SET [List has housing TE] TO "Need stable housing"<BR/>ELSE<BR/>SET [List has housing TE] TO " " <BR/>END IF<BR/><BR/><BR/>IF [Need employment TF] = true<BR/>SET [List has employment TE] TO "Need a job"<BR/>ELSE<BR/>SET [List has employment TE] TO " " <BR/>END IF<BR/><BR/><BR/>IF [Need drug testing or meetings TF] = true<BR/>SET [List has testing or meeting TE] TO "Need drug testing or substance abuse meetings"<BR/>ELSE<BR/>SET [List has testing or meeting TE] TO " " <BR/>END IF</CODEAFTER></PAGE><PAGE NAME="1-PO required" TYPE="A2J" MAPX="475" MAPY="97" STEP="2" NESTED="false"><TEXT><P>You said one of the conditions of your release was a regular check-in with your parole officer. What is your parole officer's name and address and how often do you need to check-in?</P></TEXT><BUTTONS><BUTTON NEXT="2-Housing (Released already)"><LABEL>Continue</LABEL><NAME>Finished PO TF</NAME><VALUE>true</VALUE></BUTTON></BUTTONS><FIELDS><FIELD TYPE="text" REQUIRED="true" CALCULATOR="false"><LABEL>Parole officer's name</LABEL><NAME>PO name TE</NAME></FIELD><FIELD TYPE="text" REQUIRED="true" CALCULATOR="false"><LABEL>Parole officer's address</LABEL><NAME>PO location TE</NAME></FIELD><FIELD TYPE="textpick" REQUIRED="false" CALCULATOR="false"><LISTDATA><option>Daily</option><option>Weekly</option><option>Every other week</option><option>Monthly</option><option>Every other month</option></LISTDATA><LABEL>How often you need to check-in</LABEL><NAME>PO frequency MC</NAME></FIELD></FIELDS><CODEBEFORE>IF [Need to visit PO TF] = false<BR/>GOTO "2-Housing (Released already)"<BR/>END IF<BR/><BR/><BR/>IF [Finished PO TF] = true<BR/>GOTO "2-Housing (Released already)"<BR/>END IF</CODEBEFORE></PAGE><PAGE NAME="4b-Don't know PO info" TYPE="A2J" MAPX="7" MAPY="812" STEP="1" NESTED="false"><TEXT>You said that you have your parole officer information somewhere else that you can access later. Please come back when you have this information to complete the interview. Click Exit to create an account and save your information so far. </TEXT><BUTTONS><BUTTON NEXT="EXIT"><LABEL>Exit</LABEL><NAME>Missing info returning user TF</NAME><VALUE>true</VALUE></BUTTON></BUTTONS></PAGE><PAGE NAME="2-Housing (Released already)" TYPE="A2J" MAPX="-18" MAPY="829" STEP="2" NESTED="false"><TEXT>You said that you need stable housing as a condition of your release. Do you currently have <A target="_blank" href="POPUP://Stable Housing">stable housing</A>? </TEXT><BUTTONS><BUTTON NEXT="7-Employment (Released already)"><LABEL>Yes</LABEL><NAME>Finished Housing TF</NAME><VALUE>True</VALUE></BUTTON><BUTTON NEXT="4-Have a plan for housing?"><LABEL>No</LABEL></BUTTON></BUTTONS><CODEBEFORE>IF [Need stable housing TF] = true AND [Still in jail TF] = true<BR/>GOTO "3-Housing (In jail still)"<BR/>END IF<BR/><BR/>IF [Need stable housing TF] = false <BR/>GOTO "7-Employment (Released already)"<BR/>END IF<BR/><BR/>IF [Finished Housing TF] = True<BR/>GOTO "7-Employment (Released already)"<BR/>END IF</CODEBEFORE></PAGE><PAGE NAME="Stable Housing" TYPE="Popup" MAPX="null" MAPY="0" STEP="0" NESTED="false"><TEXT>Stable housing means that you have a place to sleep and keep your belongings that you have control over and can access every night. </TEXT></PAGE><PAGE NAME="3-Housing (In jail still)" TYPE="A2J" MAPX="-18" MAPY="589" STEP="2" NESTED="false"><TEXT>You said that you need stable housing as a condition of your release. Do you currently have <A target="_blank" href="POPUP://Stable Housing">stable housing</A> lined up for when you are released? </TEXT><BUTTONS><BUTTON NEXT="8-Employment (In jail still)"><LABEL>Yes</LABEL><NAME>Finished Housing TF</NAME><VALUE>true</VALUE></BUTTON><BUTTON NEXT="4-Have a plan for housing?"><LABEL>No</LABEL></BUTTON></BUTTONS><CODEBEFORE>IF [Finished housing TF] = true<BR/>GOTO "8-Employment (In jail still)"<BR/>END IF</CODEBEFORE></PAGE><PAGE NAME="4-Have a plan for housing?" TYPE="A2J" MAPX="-18" MAPY="709" STEP="2" NESTED="false"><TEXT>You said that you don't have stable housing arranged yet. Do you have a plan for how you can get stable housing?</TEXT><BUTTONS><BUTTON NEXT="5-Yes plan for housing"><LABEL>Yes</LABEL></BUTTON><BUTTON NEXT="6-No plan for housing"><LABEL>No</LABEL></BUTTON></BUTTONS></PAGE><PAGE NAME="5-Yes plan for housing" TYPE="A2J" MAPX="-18" MAPY="829" STEP="2" NESTED="false"><TEXT>Great. When you secure stable housing make sure to let your parole officer know where you are living immediately. </TEXT><BUTTONS><BUTTON NEXT="7-Employment (Released already)"><LABEL>Continue</LABEL><NAME>Finished Housing TF</NAME><VALUE>true</VALUE></BUTTON></BUTTONS></PAGE><PAGE NAME="6-No plan for housing" TYPE="A2J" MAPX="-18" MAPY="949" STEP="2" NESTED="false"><TEXT>That's ok. We have resources that can help you find the housing you require. These additional resources will be included in your Personalized Action Plan that is created when you finish this interview. </TEXT><BUTTONS><BUTTON NEXT="7-Employment (Released already)"><LABEL>Continue</LABEL><NAME>Need housing info TF</NAME><VALUE>true</VALUE></BUTTON></BUTTONS><CODEAFTER>SET [PAP needed TF] TO TRUE</CODEAFTER></PAGE><PAGE NAME="7-Employment (Released already)" TYPE="A2J" MAPX="-18" MAPY="709" STEP="2" NESTED="false"><TEXT>You said that one of the conditions of your release was a job. Do you currently have a job? </TEXT><BUTTONS><BUTTON NEXT="9-Job information"><LABEL>Yes</LABEL><NAME>Have job TF</NAME><VALUE>true</VALUE></BUTTON><BUTTON NEXT="10-Don't have a job yet"><LABEL>No</LABEL><NAME>Have job TF</NAME><VALUE>false</VALUE></BUTTON></BUTTONS><CODEBEFORE>IF [Finished employment TF] = true<BR/>GOTO "11-Drug testing and meetings"<BR/>END IF<BR/><BR/>IF [Need employment TF] = true AND [Still in jail TF] = true<BR/>GOTO "8-Employment (In jail still)"<BR/>END IF<BR/><BR/><BR/>IF [Need employment TF] = false<BR/>GOTO "11-Drug testing and meetings"<BR/>END IF</CODEBEFORE><CODEAFTER>IF [Have job TF] = TRUE<BR/>SET [Finished employment TF] TO TRUE<BR/>END IF</CODEAFTER></PAGE><PAGE NAME="8-Employment (In jail still)" TYPE="A2J" MAPX="-18" MAPY="829" STEP="2" NESTED="false"><TEXT>You said that one of the conditions of your release was a job. Do you currently have a job lined up for when you are released? </TEXT><BUTTONS><BUTTON><LABEL>Yes</LABEL><NAME>Have job TF</NAME><VALUE>true</VALUE></BUTTON><BUTTON><LABEL>No</LABEL><NAME>Have job TF</NAME><VALUE>false</VALUE></BUTTON></BUTTONS><CODEBEFORE>IF [Finished employment TF] = TRUE<BR/>GOTO "11-Drug testing and meetings"<BR/>END IF<BR/><BR/><BR/>IF [Need employment TF] = false<BR/>GOTO "11-Drug testing and meetings"<BR/>END IF</CODEBEFORE><CODEAFTER>IF [Have job TF] = true<BR/>SET [Finished employment TF] = true<BR/>END IF</CODEAFTER></PAGE><PAGE NAME="9-Job information" TYPE="A2J" MAPX="-18" MAPY="949" STEP="2" NESTED="false"><TEXT>Tell me about your job. We'll use this information to create a letter your boss can sign and then you can give to your parole officer. </TEXT><BUTTONS><BUTTON NEXT="11-Drug testing and meetings"><LABEL>Continue</LABEL></BUTTON></BUTTONS><FIELDS><FIELD TYPE="text" REQUIRED="true" CALCULATOR="false"><LABEL>Company name</LABEL><NAME>Company name TE</NAME></FIELD><FIELD TYPE="text" REQUIRED="true" CALCULATOR="false"><LABEL>Company address</LABEL><NAME>Employment address TE</NAME></FIELD><FIELD TYPE="text" REQUIRED="false" CALCULATOR="false"><LABEL>Manager's name</LABEL><NAME>Boss name TE</NAME></FIELD><FIELD TYPE="datemdy" REQUIRED="true" CALCULATOR="false"><LABEL>Job start date</LABEL><NAME>Job start date DA</NAME></FIELD></FIELDS><CODEAFTER>SET [Finished employment TF] TO TRUE</CODEAFTER></PAGE><PAGE NAME="10-Don't have a job yet" TYPE="A2J" MAPX="-18" MAPY="1069" STEP="2" NESTED="false"><TEXT>You said that you don't have a job yet. Do you want help finding one? </TEXT><BUTTONS><BUTTON NEXT="10a-Don't have a job yet 2"><LABEL>Yes</LABEL><NAME>Need job info TF</NAME><VALUE>true</VALUE></BUTTON><BUTTON NEXT="11-Drug testing and meetings"><LABEL>No</LABEL></BUTTON></BUTTONS><CODEAFTER>IF [Need job info TF] = true<BR/>SET [PAP needed TF] TO TRUE<BR/>END IF</CODEAFTER></PAGE><PAGE NAME="11-Drug testing and meetings" TYPE="A2J" MAPX="-18" MAPY="1189" STEP="2" NESTED="false"><TEXT>You said that mandatory drug testing and/or attending NA or AA meetings was a condition of your release. Please select the condition that best meets your requirement from this list: </TEXT><BUTTONS><BUTTON NEXT="12-Drug testing frequency"><LABEL>Continue</LABEL></BUTTON></BUTTONS><FIELDS><FIELD TYPE="textpick" REQUIRED="true" CALCULATOR="false"><LISTDATA><option>Mandatory drug testing required</option><option>NA/AA meetings required</option><option>Both drug testing and NA/AA meetings required</option></LISTDATA><NAME>Drug and testing specifics MC</NAME></FIELD></FIELDS><CODEBEFORE>IF [Need drug testing or meetings TF] = false<BR/>GOTO "1-The End"<BR/>END IF</CODEBEFORE></PAGE><PAGE NAME="12-Drug testing frequency" TYPE="A2J" MAPX="-18" MAPY="1309" STEP="2" NESTED="false"><TEXT>How often do you need to be drug tested?</TEXT><BUTTONS><BUTTON NEXT="13-Drug testing location known?"><LABEL>Continue</LABEL></BUTTON></BUTTONS><FIELDS><FIELD TYPE="textpick" REQUIRED="true" CALCULATOR="false"><LISTDATA><option>Daily</option><option>Weekly</option><option>Monthly</option></LISTDATA><NAME>Drug testing frequency MC</NAME></FIELD></FIELDS><CODEBEFORE>IF [Drug and testing specifics MC] = "NA/AA meetings required"<BR/>GOTO "15-Meetings"<BR/>END IF<BR/><BR/><BR/>IF [Finished drug testing TF] = TRUE<BR/>GOTO "15-Meetings"<BR/>END IF</CODEBEFORE></PAGE><PAGE NAME="13-Drug testing location known?" TYPE="A2J" MAPX="-18" MAPY="1429" STEP="2" NESTED="false"><TEXT>Do you know where to go to be drug tested?</TEXT><BUTTONS><BUTTON NEXT="15-Meetings"><LABEL>Yes</LABEL></BUTTON><BUTTON NEXT="14-Need drug testing facility information"><LABEL>No</LABEL></BUTTON></BUTTONS></PAGE><PAGE NAME="14-Need drug testing facility information" TYPE="A2J" MAPX="-18" MAPY="1549" STEP="2" NESTED="false"><TEXT>Do you want help finding your state approved testing facilities? If you click "Yes", a list of state approved drug testing facilities will appear in your Personalized Action Plan when you finish this interview. </TEXT><BUTTONS><BUTTON NEXT="15-Meetings"><LABEL>Yes</LABEL><NAME>Need testing facility info TF</NAME><VALUE>true</VALUE></BUTTON><BUTTON NEXT="15-Meetings"><LABEL>No</LABEL></BUTTON></BUTTONS><CODEAFTER>IF [Need testing facility info TF] = true<BR/>SET [PAP needed TF] TO TRUE<BR/>END IF</CODEAFTER></PAGE><PAGE NAME="15-Meetings" TYPE="A2J" MAPX="-18" MAPY="1669" STEP="2" NESTED="false"><TEXT>You said that you needed to attend NA or AA meetings as a condition of your release. Do you have a meeting that you attend or plan to attend?</TEXT><BUTTONS><BUTTON NEXT="1-The End"><LABEL>Yes</LABEL><NAME>Finished meetings TF</NAME><VALUE>true</VALUE></BUTTON><BUTTON NEXT="16-Need meetings information"><LABEL>No</LABEL></BUTTON></BUTTONS><CODEBEFORE>IF [Drug and testing specifics MC] = "Mandatory drug testing required"<BR/>GOTO "1-The End"<BR/>END IF<BR/> <BR/>IF [Finished meetings TF] = true<BR/>GOTO "1-The End"<BR/>END IF</CODEBEFORE></PAGE><PAGE NAME="16-Need meetings information" TYPE="A2J" MAPX="-18" MAPY="1789" STEP="2" NESTED="false"><TEXT><A target="_blank" href="https://aa-dc.org/meetings">Here's</A> where you can find a local meeting to attend. </TEXT><BUTTONS><BUTTON NEXT="1-The End"><LABEL>Continue</LABEL></BUTTON></BUTTONS></PAGE><PAGE NAME="1-The End" TYPE="A2J" MAPX="-18" MAPY="709" STEP="4" NESTED="false"><TEXT>Congratulations! You have completed the Re-Entry Navigation A2J Guided Interview. </TEXT><BUTTONS><BUTTON NEXT="2-Reminder Opt in"><LABEL>Continue</LABEL></BUTTON></BUTTONS></PAGE><PAGE NAME="2-Reminder Opt in" TYPE="A2J" MAPX="-18" MAPY="829" STEP="4" NESTED="false"><TEXT>Do you want to receive text message and/or calendar invitation reminders about your required parole officer check-ins?</TEXT><BUTTONS><BUTTON NEXT="3-Opt in Phone only"><LABEL>Continue</LABEL></BUTTON></BUTTONS><FIELDS><FIELD TYPE="radio" REQUIRED="true" CALCULATOR="false"><LABEL>Text Message Reminders</LABEL><NAME>Opt in choice MC</NAME><VALUE>text</VALUE></FIELD><FIELD TYPE="radio" REQUIRED="true" CALCULATOR="false"><LABEL>Emailed calendar invitations</LABEL><NAME>Opt in choice MC</NAME><VALUE>email</VALUE></FIELD><FIELD TYPE="radio" REQUIRED="true" CALCULATOR="false"><LABEL>Text Reminders and Calendar Invitations</LABEL><NAME>Opt in choice MC</NAME><VALUE>both</VALUE></FIELD><FIELD TYPE="radio" REQUIRED="true" CALCULATOR="false"><LABEL>No reminders or calendar invitations</LABEL><NAME>Opt in choice MC</NAME><VALUE>none</VALUE></FIELD></FIELDS><CODEBEFORE>IF [Need to visit PO TF] = false<BR/>GOTO "7-Finish instructions"<BR/>END IF</CODEBEFORE></PAGE><PAGE NAME="3-Opt in Phone only" TYPE="A2J" MAPX="-18" MAPY="949" STEP="4" NESTED="false"><TEXT>Great. We will send you text message reminders the day before your scheduled check-in. <DIV><BR/></DIV><DIV>What phone number should be text?</DIV><DIV><BR/></DIV><DIV>What is the date of your next check in? This will set the schedule for your text reminders. </DIV><DIV>(For demonstration purposes, use tomorrow as the date of your next check-in so you get the text message right away)</DIV></TEXT><BUTTONS><BUTTON NEXT="7-Finish instructions"><LABEL>Continue</LABEL></BUTTON></BUTTONS><FIELDS><FIELD TYPE="text" REQUIRED="true" CALCULATOR="false"><LABEL>Phone number: enter just numbers, no - or / or ()</LABEL><NAME>Phone TE</NAME></FIELD><FIELD TYPE="datemdy" REQUIRED="true" CALCULATOR="false"><LABEL>Date of next scheduled visit</LABEL><NAME>Date next visit DA</NAME></FIELD></FIELDS><CODEBEFORE>IF [Opt in choice MC] = "email"<BR/>GOTO "4-Opt in email"<BR/>END IF<BR/><BR/><BR/>IF [Opt in choice MC] = "both"<BR/>GOTO "5-Opt in phone and email"<BR/>END IF<BR/><BR/><BR/>IF [Opt in choice MC] = "none"<BR/>GOTO "6-Opt out"<BR/>END IF</CODEBEFORE></PAGE><PAGE NAME="4-Opt in email" TYPE="A2J" MAPX="NaN" MAPY="120" STEP="4" NESTED="false"><TEXT>Great. We will send you an emailed calendar invite that will populate your online calendar with reminders for your scheduled parole officer check-ins. <DIV><BR/></DIV><DIV>What email address should we use?</DIV><DIV><BR/></DIV><DIV>What is the date of your next scheduled check-in with your parole officer?</DIV></TEXT><BUTTONS><BUTTON NEXT="7-Finish instructions"><LABEL>Continue</LABEL></BUTTON></BUTTONS><FIELDS><FIELD TYPE="text" REQUIRED="true" CALCULATOR="false"><LABEL>Email address</LABEL><NAME>Email TE</NAME></FIELD><FIELD TYPE="datemdy" REQUIRED="true" CALCULATOR="false"><LABEL>Date of next scheduled check-in</LABEL><NAME>Date next visit DA</NAME></FIELD></FIELDS></PAGE><PAGE NAME="5-Opt in phone and email" TYPE="A2J" MAPX="NaN" MAPY="240" STEP="4" NESTED="false"><TEXT><P>Great. We will send you text message reminders the day before your scheduled check-in and an emailed calendar invitation as well. </P><DIV><BR/></DIV><DIV>What phone number should we text?</DIV><DIV><BR/></DIV><DIV>What email address should we use?</DIV><DIV><BR/></DIV><DIV>What is the date of your next scheduled check-in? (For demonstration purposes, use today's date so that you will receive the text message reminder shortly.)</DIV></TEXT><TEXTCITATION><P><BR/></P></TEXTCITATION><HELP><P><BR/></P></HELP><HELPCITATION><P><BR/></P></HELPCITATION><HELPREADER><P><BR/></P></HELPREADER><BUTTONS><BUTTON NEXT="7-Finish instructions"><LABEL>Continue</LABEL></BUTTON></BUTTONS><FIELDS><FIELD TYPE="text" REQUIRED="true" CALCULATOR="false"><LABEL><P>Phone number: enter only numbers, no -, /, or ()</P></LABEL><NAME>Phone TE</NAME><INVALIDPROMPT><P><BR/></P></INVALIDPROMPT></FIELD><FIELD TYPE="text" REQUIRED="true" CALCULATOR="false"><LABEL><P>Email address</P></LABEL><NAME>Email TE</NAME><INVALIDPROMPT><P><BR/></P></INVALIDPROMPT></FIELD><FIELD TYPE="datemdy" REQUIRED="true" CALCULATOR="false"><LABEL><P>Date of next scheduled visit</P></LABEL><NAME>Date next visit DA</NAME><INVALIDPROMPT><P><BR/></P></INVALIDPROMPT></FIELD></FIELDS><CODECITATION><P><BR/></P></CODECITATION><NOTES><P><BR/></P></NOTES></PAGE><PAGE NAME="6-Opt out" TYPE="A2J" MAPX="NaN" MAPY="360" STEP="4" NESTED="false"><TEXT>You have opted out of phone reminders and emailed calendar invitations. If you change your mind, you can opt in later by re-running this interview and changing your answer.</TEXT><BUTTONS><BUTTON NEXT="7-Finish instructions"><LABEL>Continue</LABEL></BUTTON></BUTTONS></PAGE><PAGE NAME="7-Finish instructions" TYPE="A2J" MAPX="NaN" MAPY="480" STEP="4" NESTED="false"><TEXT>The next thing that will happen is that any documents required will be created and downloaded to your computer or phone as a pdf. Make sure to print as many copies as you need or save the file for later. If you've opted in for emailed or text reminders, those will begin as well. To finish this process, hit the "Finish" button below. </TEXT><BUTTONS><BUTTON NEXT="ASSEMBLE-SUCCESS"><LABEL>Finish</LABEL></BUTTON></BUTTONS></PAGE><PAGE NAME="8-Save and Exit" TYPE="A2J" MAPX="-18" MAPY="829" STEP="3" NESTED="false"><TEXT>You clicked the "Exit" button. Do you really want to exit? If you made a mistake and want to continue with the Re-Entry Navigator, click the "Go Back to Interview" button. <DIV><BR/></DIV><DIV>If you want to exit, click the "Exit" button at the bottom of this screen. You will be taken to a follow up screen where you can create an account or log into an existing one and save your answers. When you come back, make sure to start the Re-Entry Navigator with your saved answer file. <BR/></DIV></TEXT><BUTTONS><BUTTON NEXT="BACK"><LABEL>Go back to interview</LABEL></BUTTON><BUTTON NEXT="EXIT"><LABEL>Exit</LABEL></BUTTON></BUTTONS></PAGE><PAGE NAME="2-Conditions of release list" TYPE="A2J" MAPX="-18" MAPY="829" STEP="3" NESTED="false"><TEXT>When you were here last time, you said that you had the following conditions on your release. Do you need to make any changes?<DIV>%%[No conditions yet TE]%%<BR/><DIV>%%[List has parole TE]%%</DIV><DIV>%%[List has housing TE]%%</DIV><DIV>%%[List has employment TE]%%</DIV><DIV>%%[List has testing or meeting TE]%%</DIV><DIV><BR/></DIV></DIV></TEXT><BUTTONS><BUTTON NEXT="6-Conditions of release"><LABEL>Make changes</LABEL><NAME>Changes needed TF</NAME><VALUE>true</VALUE></BUTTON><BUTTON NEXT="1-Name and gender"><LABEL>No changes needed</LABEL></BUTTON></BUTTONS><CODEBEFORE>IF [Need to visit PO TF] = true<BR/>SET [List has parole TE] TO "Visit parole officer"<BR/>ELSE<BR/>SET [List has parole TE] TO " "<BR/>END IF<BR/><BR/><BR/>IF [Need stable housing TF] = true<BR/>SET [List has housing TE] TO "Need stable housing"<BR/>ELSE<BR/>SET [List has housing TE] TO " " <BR/>END IF<BR/><BR/><BR/>IF [Need employment TF] = true<BR/>SET [List has employment TE] TO "Need a job"<BR/>ELSE<BR/>SET [List has employment TE] TO " " <BR/>END IF<BR/><BR/><BR/>IF [Need drug testing or meetings TF] = true<BR/>SET [List has testing or meeting TE] TO "Need drug testing or substance abuse meetings"<BR/>ELSE<BR/>SET [List has testing or meeting TE] TO " " <BR/>END IF<BR/><BR/><BR/>IF [Need drug testing or meetings TF] = false AND [Need employment TF] = false AND [Need stable housing TF] = false AND [Need to visit PO TF] = false<BR/>SET [No conditions yet TE] TO "You didn't tell me about any conditions on your release."<BR/>ELSE<BR/>SET [No conditions yet TE] TO " " <BR/>END IF</CODEBEFORE><CODEAFTER>IF [Changes needed TF] = true<BR/>SET [Finished conditions TF] TO FALSE<BR/>END IF<BR/><BR/><BR/>IF HASANSWERED([Client first name TE]) = false AND [Changes needed TF] = true<BR/>GOTO "3-Need basic info first"<BR/>END IF<BR/><BR/><BR/>IF HASANSWERED([Know PO TF]) = false AND [Changes needed TF] = true<BR/>GOTO "3-Need basic info first"<BR/>END IF</CODEAFTER></PAGE><PAGE NAME="10a-Don't have a job yet 2" TYPE="A2J" MAPX="-18" MAPY="1189" STEP="2" NESTED="false"><TEXT>We have resources to help you find a job in your area. Those will be added to your Personalized Action Plan when you complete the interview. </TEXT><BUTTONS><BUTTON NEXT="11-Drug testing and meetings"><LABEL>Continue</LABEL></BUTTON></BUTTONS></PAGE><PAGE NAME="3-Need basic info first" TYPE="A2J" MAPX="-18" MAPY="949" STEP="3" NESTED="undefined"><TEXT><P>Before you make any changes to your conditions of release, we need to get some basic information from you.&#160;</P></TEXT><TEXTCITATION><P><BR/></P></TEXTCITATION><HELP><P><BR/></P></HELP><HELPCITATION><P><BR/></P></HELPCITATION><HELPREADER><P><BR/></P></HELPREADER><BUTTONS><BUTTON NEXT="1-Name and gender"><LABEL>Continue</LABEL></BUTTON></BUTTONS><CODECITATION><P><BR/></P></CODECITATION><NOTES><P><BR/></P></NOTES></PAGE></PAGES><STEPS><STEP NUMBER="0"><TEXT>Introduction</TEXT></STEP><STEP NUMBER="1"><TEXT>Basic Information</TEXT></STEP><STEP NUMBER="2"><TEXT>Conditions of Release</TEXT></STEP><STEP NUMBER="3"><TEXT>Returning Users</TEXT></STEP><STEP NUMBER="4"><TEXT>The End</TEXT></STEP></STEPS><VARIABLES><VARIABLE NAME="User Gender" TYPE="MC" COMMENT="User's gender will be used to display appopriate avatar."/><VARIABLE NAME="User Avatar" TYPE="Text"/><VARIABLE NAME="Client first name TE" TYPE="Text"/><VARIABLE NAME="Client middle name TE" TYPE="Text"/><VARIABLE NAME="Client last name TE" TYPE="Text"/><VARIABLE NAME="A2J Version" TYPE="Text" COMMENT="A2J Author Version"/><VARIABLE NAME="A2J Interview ID" TYPE="Text" COMMENT="Guide ID"/><VARIABLE NAME="A2J Bookmark" TYPE="Text" COMMENT="Current Page"/><VARIABLE NAME="A2J History" TYPE="Text" COMMENT="Progress History List (XML)"/><VARIABLE NAME="A2J Interview Incomplete TF" TYPE="TF" COMMENT="Reached Successful Exit?"/><VARIABLE NAME="A2J Step 0" TYPE="Text"/><VARIABLE NAME="A2J Step 1" TYPE="Text"/><VARIABLE NAME="A2J Step 2" TYPE="Text"/><VARIABLE NAME="A2J Step 3" TYPE="Text"/><VARIABLE NAME="A2J Step 4" TYPE="Text"/><VARIABLE NAME="A2J Step 5" TYPE="Text"/><VARIABLE NAME="A2J Step 6" TYPE="Text"/><VARIABLE NAME="A2J Step 7" TYPE="Text"/><VARIABLE NAME="A2J Step 8" TYPE="Text"/><VARIABLE NAME="A2J Step 9" TYPE="Text"/><VARIABLE NAME="A2J Step 10" TYPE="Text"/><VARIABLE NAME="A2J Step 11" TYPE="Text"/><VARIABLE NAME="A2J Step 12" TYPE="Text"/><VARIABLE NAME="Employer address full TE" TYPE="Text"/><VARIABLE NAME="Already released TF" TYPE="TF"/><VARIABLE NAME="Know conditions TF" TYPE="TF"/><VARIABLE NAME="Know PO TF" TYPE="TF"/><VARIABLE NAME="Returning user TF" TYPE="TF"/><VARIABLE NAME="Still in jail TF" TYPE="TF"/><VARIABLE NAME="Need PO resources TF" TYPE="TF"/><VARIABLE NAME="Need to visit PO TF" TYPE="TF"/><VARIABLE NAME="Need stable housing TF" TYPE="TF"/><VARIABLE NAME="Need employment TF" TYPE="TF"/><VARIABLE NAME="Need drug testing or meetings TF" TYPE="TF"/><VARIABLE NAME="PO frequency MC" TYPE="MC"/><VARIABLE NAME="PO name TE" TYPE="Text"/><VARIABLE NAME="PO location TE" TYPE="Text"/><VARIABLE NAME="Have job TF" TYPE="TF"/><VARIABLE NAME="Need job info TF" TYPE="TF"/><VARIABLE NAME="Missing info returning user TF" TYPE="TF"/><VARIABLE NAME="Company name TE" TYPE="Text"/><VARIABLE NAME="Employment address TE" TYPE="Text"/><VARIABLE NAME="Boss name TE" TYPE="Text"/><VARIABLE NAME="Job start date DA" TYPE="Date"/><VARIABLE NAME="Drug testing frequency MC" TYPE="MC"/><VARIABLE NAME="Need testing facility info TF" TYPE="TF"/><VARIABLE NAME="Have meetings TF" TYPE="TF"/><VARIABLE NAME="Need meetings info TF" TYPE="TF"/><VARIABLE NAME="Drug and testing specifics MC" TYPE="MC"/><VARIABLE NAME="Email TE" TYPE="Text"/><VARIABLE NAME="Phone TE" TYPE="Text"/><VARIABLE NAME="Opt in phone TF" TYPE="TF"/><VARIABLE NAME="Opt in email TF" TYPE="TF"/><VARIABLE NAME="Date next visit DA" TYPE="Date"/><VARIABLE NAME="Opt in phone and email TF" TYPE="TF"/><VARIABLE NAME="Opt out TF" TYPE="TF"/><VARIABLE NAME="User name full TE" TYPE="Text"/><VARIABLE NAME="Today DA" TYPE="Date"/><VARIABLE NAME="Need housing info TF" TYPE="Text"/><VARIABLE NAME="Finished basic info TF" TYPE="TF"/><VARIABLE NAME="Finished conditions TF" TYPE="TF"/><VARIABLE NAME="Finished PO TF" TYPE="TF"/><VARIABLE NAME="Finished Housing TF" TYPE="TF"/><VARIABLE NAME="Finished employment TF" TYPE="TF"/><VARIABLE NAME="Finished drug testing TF" TYPE="TF"/><VARIABLE NAME="Finished meetings TF" TYPE="TF"/><VARIABLE NAME="List has parole TE" TYPE="Text"/><VARIABLE NAME="List has housing TE" TYPE="Text"/><VARIABLE NAME="List has employment TE" TYPE="Text"/><VARIABLE NAME="List has testing or meeting TE" TYPE="Text"/><VARIABLE NAME="Changes needed TF" TYPE="TF"/><VARIABLE NAME="Opt in choice MC" TYPE="MC"/><VARIABLE NAME="PAP needed TF" TYPE="TF"/><VARIABLE NAME="No conditions yet TE" TYPE="Text"/></VARIABLES></GUIDE>