{
	"title": "Employment Verification",
	"active": "true",
	"header": "",
	"hideHeaderOnFirstPage": "false",
	"footer": "",
	"hideFooterOnFirstPage": "false",
	"rootNode": {
		"tag": "a2j-template",
		"state": {
			"fontFamily": "times-new-roman",
			"fontSize": "15",
			"sectionCounter": "none",
			"operator": "is-true",
			"leftOperand": "Have job TF",
			"rightOperand": "",
			"rightOperandType": "variable",
			"hasConditionalLogic": "true"
		},
		"children": [
			{
				"tag": "a2j-rich-text",
				"id": "cju7468d000093ab7wsw7l3qw",
				"state": {
					"userContent": "<p style=\"text-align:center\"><span style=\"font-size:18px\"><strong>Employment Verification</strong></span></p>\n\n<p style=\"text-align:center\">&nbsp;</p>\n\n<p style=\"text-align:right\"><span style=\"font-size:16px\"><a2j-variable name=\"Today DA\"></a2j-variable></span></p>\n\n<p>&nbsp;</p>\n\n<p>To whom it may concern:</p>\n\n<p>&nbsp;</p>\n\n<p><span style=\"font-size:16px\">This certifies that&nbsp;<a2j-variable name=\"User name full TE\"></a2j-variable>&nbsp;is currently employed at&nbsp;<a2j-variable name=\"Company name TE\"></a2j-variable>.&nbsp;<a2j-variable name=\"Client first name TE\"></a2j-variable>&nbsp;has worked at&nbsp;<a2j-variable name=\"Company name TE\"></a2j-variable>&nbsp;since&nbsp;<a2j-variable name=\"Job start date DA\"></a2j-variable>.&nbsp;<a2j-variable name=\"Client first name TE\"></a2j-variable>&nbsp;is an employee in good standing.&nbsp;</span></p>\n\n<p>&nbsp;</p>\n\n<p>&nbsp;</p>\n\n<p>&nbsp;</p>\n\n<p>&nbsp;</p>\n\n<p>&nbsp;</p>\n\n<p>&nbsp;</p>\n\n<p>&nbsp;</p>\n\n<p>&nbsp;</p>\n\n<p>&nbsp;</p>\n\n<p>&nbsp;</p>\n\n<p style=\"text-align:right\"><span style=\"font-size:16px\">________________________________________________________</span></p>\n\n<p style=\"text-align:right\"><span style=\"font-size:16px\"><a2j-variable name=\"Boss name TE\"></a2j-variable></span></p>\n\n<p>&nbsp;</p>\n",
					"notes": ""
				}
			},
			{
				"tag": "a2j-page-break",
				"id": "cju7dv6qi00063ab8evt3euzg",
				"state": {
					"notes": ""
				}
			}
		],
		"id": "cju745uco00083ab7hfujiyhb"
	},
	"createdAt": "1554652842297",
	"guideId": "3932",
	"templateId": 3,
	"updatedAt": 1554669144802
}