{"guideId":"3932","templateId":2,"title":"Verification of attendance","active":true,"header":"","hideHeaderOnFirstPage":false,"footer":"","hideFooterOnFirstPage":false,"rootNode":{"tag":"a2j-pdf","state":{"operator":"is-true","leftOperand":"Need drug testing or meetings TF","rightOperand":"","rightOperandType":"variable","hasConditionalLogic":true},"children":[],"id":"cju5ugyej000a3ab75euv2nsw","hasPdf":true,"documentOptions":{"fontName":"Lato","fontSize":"12","variableOptions":{"employer address full te":{"overflowStyle":"clip-overflow","addendumLabel":"","checkIcon":"normal-check","isGroup":true,"isCheck":false},"user name full te":{"overflowStyle":"clip-overflow","addendumLabel":"","checkIcon":"normal-check","isGroup":false,"isCheck":false}},"addendumOptions":{}},"pages":[{"domSize":{"width":765,"height":990},"pdfSize":{"width":612,"height":792}}],"boxes":[{"id":"vb-0","groupId":"","isSelected":true,"area":{"top":141,"left":199,"width":471.5,"height":25},"page":0,"variable":"User name full TE","variableValue":null,"isInverted":false}]},"createdAt":1554576098416,"updatedAt":1554653203520}