{"title":"Personalized Action Plan","active":"true","header":"","hideHeaderOnFirstPage":"false","footer":"","hideFooterOnFirstPage":"false","rootNode":{"tag":"a2j-template","state":{"fontFamily":"sans-serif","fontSize":"14","sectionCounter":"none","operator":"is-true","leftOperand":"PAP needed TF","rightOperand":"","rightOperandType":"variable","hasConditionalLogic":"true"},"children":[{"tag":"a2j-rich-text","id":"cju74jiow000b3ab7p6atykrr","state":{"userContent":"<p style=\"text-align:center\"><span style=\"font-family:Times New Roman,Times,serif\"><span style=\"font-size:14px\"><strong><a2j-variable name=\"User name full TE\"><\/a2j-variable>&#39;s Personalized Action Plan<\/strong><\/span><\/span><\/p>\n","notes":""}},{"tag":"a2j-conditional","id":"cju74kfuh000c3ab79svvz866","children":[{"guideId":"","templateId":"","title":"Untitled Template","active":"true","header":"","hideHeaderOnFirstPage":"false","footer":"","hideFooterOnFirstPage":"false","rootNode":{"tag":"a2j-template","children":[{"tag":"a2j-section-title","id":"cju74mhi1000o3ab7q5j0e275","state":{"underline":"true","title":"Housing Information","titleTag":"h3"}},{"tag":"a2j-rich-text","id":"cju74n6gy000p3ab74keq45f6","state":{"userContent":"<p>There are several places that you can look for stable housing.<\/p>\n\n<p>If you are not able to afford an apartment or a room to rent, you can check if the following shelters are accepting new residents:<\/p>\n\n<ul>\n\t<li>Department of Human Services:&nbsp;<a href=\"https:\/\/dhs.dc.gov\/page\/shelter\">https:\/\/dhs.dc.gov\/page\/shelter<\/a>\n\n\t<ul>\n\t\t<li><strong>If you are a family with children under 18 and need emergency shelter, please call the Shelter Hotline at (202) 399-7093. The Shelter Hotline is&nbsp;available 24 hours a day.<\/strong><\/li>\n\t<\/ul>\n\t<\/li>\n\t<li>Washington Homeless Shelters Directory:&nbsp;<a href=\"https:\/\/www.homelessshelterdirectory.org\/cgi-bin\/id\/city.cgi?city=Washington&amp;state=DC\">https:\/\/www.homelessshelterdirectory.org\/cgi-bin\/id\/city.cgi?city=Washington&amp;state=DC<\/a><\/li>\n\t<li>Coalition for the Homeless:&nbsp;<a href=\"http:\/\/www.dccfh.org\/\">http:\/\/www.dccfh.org\/<\/a><\/li>\n<\/ul>\n\n<p>Resources for finding affordable housing to rent:&nbsp;<\/p>\n\n<ul>\n\t<li>Affordable Housing Online:&nbsp;<a href=\"https:\/\/affordablehousingonline.com\/housing-search\/District-Of-Columbia\/Washington\">https:\/\/affordablehousingonline.com\/housing-search\/District-Of-Columbia\/Washington<\/a><\/li>\n<\/ul>\n","notes":""}}],"id":"cju74kfuo000d3ab7zrd048h7"}},{"guideId":"","templateId":"","title":"Untitled Template","active":"true","header":"","hideHeaderOnFirstPage":"false","footer":"","hideFooterOnFirstPage":"false","rootNode":{"tag":"a2j-template","id":"cju74kfuo000e3ab76n3tr3yl"}},{"tag":"conditional-add-element","id":"cju74kfuo000f3ab7pjlgge70"},{"tag":"conditional-add-element","id":"cju74kfup000g3ab7gz2zrsnx"}],"state":{"operator":"is-true","elseClause":"false","leftOperand":"Need housing info TF","rightOperand":"","leftOperandType":"variable","rightOperandType":"variable"}},{"tag":"a2j-conditional","id":"cju74um72000u3ab7sv6igmsp","children":[{"guideId":"","templateId":"","title":"Untitled Template","active":"true","header":"","hideHeaderOnFirstPage":"false","footer":"","hideFooterOnFirstPage":"false","rootNode":{"tag":"a2j-template","id":"cju74um76000v3ab73e1by2or","children":[{"tag":"a2j-section-title","id":"cju74ut3r000z3ab7r2g3y7v9","state":{"underline":"true","title":"Employment","titleTag":"h3"}},{"tag":"a2j-rich-text","id":"cju74v6s600103ab7hcosaeas","state":{"userContent":"<p>Make sure that you have a current resume. It can be a simple 1 page document, but it should include your name, contact information, skills, and past working history. If you have someone that is willing to be a reference, you should include that information as well.&nbsp;<\/p>\n\n<p>Here are some resources for helping you find a job:&nbsp;<\/p>\n\n<ul>\n\t<li>Department of Employment Services DC:&nbsp;<a href=\"https:\/\/does.dc.gov\/page\/job-seeker-resources\">https:\/\/does.dc.gov\/page\/job-seeker-resources<\/a><\/li>\n\t<li>DC Jobs:&nbsp;<a href=\"https:\/\/www.dcjobs.com\/\">https:\/\/www.dcjobs.com\/<\/a><\/li>\n\t<li>Indeed:&nbsp;<a href=\"https:\/\/www.indeed.com\/q-Hiring-Immediately-l-Washington,-DC-jobs.html\">https:\/\/www.indeed.com\/q-Hiring-Immediately-l-Washington,-DC-jobs.html<\/a><\/li>\n<\/ul>\n","notes":""}}]}},{"guideId":"","templateId":"","title":"Untitled Template","active":"true","header":"","hideHeaderOnFirstPage":"false","footer":"","hideFooterOnFirstPage":"false","rootNode":{"tag":"a2j-template","id":"cju74um77000w3ab748x9czsv"}},{"tag":"conditional-add-element","id":"cju74um77000x3ab7lhfr5gwv"},{"tag":"conditional-add-element","id":"cju74um77000y3ab712itujxs"}],"state":{"operator":"is-true","elseClause":"false","leftOperand":"Need job info TF","rightOperand":"","leftOperandType":"variable","rightOperandType":"variable"}},{"tag":"a2j-conditional","id":"cju750lkv00193ab7iaz80fqo","children":[{"guideId":"","templateId":"","title":"Untitled Template","active":"true","header":"","hideHeaderOnFirstPage":"false","footer":"","hideFooterOnFirstPage":"false","rootNode":{"tag":"a2j-template","id":"cju750ll1001a3ab7gd596b71","children":[{"tag":"a2j-section-title","id":"cju750y93001e3ab77brbrv49","state":{"underline":"true","title":"Drug Testing Facilities","titleTag":"h3"}},{"tag":"a2j-rich-text","id":"cju751ro8001f3ab7hyxtw9xv","state":{"userContent":"<p>Here is a list of court approved drug testing facilities. Make sure to bring your court order requiring the drug testing with you the first time that you visit a new facility. They will use the information on the order to ensure that your parole officer gets the results of your drug test.&nbsp;<\/p>\n\n<ul>\n\t<li>National Drug Screening, Inc:&nbsp;<a href=\"https:\/\/www.nationaldrugscreening.com\/District-Of-Columbia.html\">https:\/\/www.nationaldrugscreening.com\/District-Of-Columbia.html<\/a><\/li>\n\t<li>US Drug Test Centers:&nbsp;<a href=\"https:\/\/www.usdrugtestcenters.com\/drug-test-location\/district-of-columbia\">https:\/\/www.usdrugtestcenters.com\/drug-test-location\/district-of-columbia<\/a><\/li>\n\t<li>Accredited Drug Testing, Inc:<a href=\"https:\/\/www.accrediteddrugtesting.com\/washington-d-c-drug-testing\/\">https:\/\/www.accrediteddrugtesting.com\/washington-d-c-drug-testing\/<\/a><\/li>\n<\/ul>\n","notes":""}}]}},{"guideId":"","templateId":"","title":"Untitled Template","active":"true","header":"","hideHeaderOnFirstPage":"false","footer":"","hideFooterOnFirstPage":"false","rootNode":{"tag":"a2j-template","id":"cju750ll1001b3ab7kj27db6e"}},{"tag":"conditional-add-element","id":"cju750ll1001c3ab7qfwtt600"},{"tag":"conditional-add-element","id":"cju750ll1001d3ab7ynki6u28"}],"state":{"operator":"is-true","elseClause":"false","leftOperand":"Need testing facility info TF","rightOperand":"","leftOperandType":"variable","rightOperandType":"variable"}}],"id":"cju74jgzx000a3ab78hzwuqo2"},"createdAt":"1554653478112","guideId":"3932","templateId":4,"updatedAt":1554654865250}